"","Fiscal.Year","Customer","SubCustomer","AddressCat","MajorCommandName","ProductOrServiceArea","Obligation.2014"
"2809",2013-09-30,"Defense","DLA","Promising [9-10]","CONSTRUCTION & EQUIPMENT","Electronics & Communications",4.77264151518229e-06
"2810",2013-09-30,"Defense","DLA","Promising [9-10]","DCSO","ICT",0
"2811",2013-09-30,"Defense","DLA","Promising [9-10]","DCSO","PAMS",0.00110279315720524
"2812",2013-09-30,"Defense","DLA","Promising [9-10]","DLA AVIATION","Aircraft",0.589123469197725
"2813",2013-09-30,"Defense","DLA","Promising [9-10]","DLA AVIATION","Electronics & Communications",0.0839451078512237
"2814",2013-09-30,"Defense","DLA","Promising [9-10]","DLA AVIATION","Engines & Power Plants",0.425245335843709
"2815",2013-09-30,"Defense","DLA","Promising [9-10]","DLA ENERGY","PAMS",0.00102637704884736
"2816",2013-09-30,"Defense","DLA","Promising [9-10]","DLA LAND","Aircraft",0.000124019617345384
"2817",2013-09-30,"Defense","DLA","Promising [9-10]","DLA LAND","Electronics & Communications",0.011988826270133
"2818",2013-09-30,"Defense","DLA","Promising [9-10]","DLA MARITIME","Aircraft",0.000180769929318574
"2819",2013-09-30,"Defense","DLA","Promising [9-10]","DLA MARITIME","Electronics & Communications",0.0187631046301412
"2820",2013-09-30,"Defense","DLA","Promising [9-10]","DLA MARITIME","Engines & Power Plants",0.000283975270843912
"2821",2013-09-30,"Defense","DLA","Uncommon [6-8]","CONSTRUCTION & EQUIPMENT","Aircraft",6.43440692596729e-06
"2822",2013-09-30,"Defense","DLA","Uncommon [6-8]","CONSTRUCTION & EQUIPMENT","Electronics & Communications",0.00096353946379608
"2823",2013-09-30,"Defense","DLA","Uncommon [6-8]","CONSTRUCTION & EQUIPMENT","Engines & Power Plants",5.88485627094547e-05
"2824",2013-09-30,"Defense","DLA","Uncommon [6-8]","CONSTRUCTION & EQUIPMENT","Other",0.00254342408357875
"2825",2013-09-30,"Defense","DLA","Uncommon [6-8]","CONSTRUCTION & EQUIPMENT","PAMS",4.58816295318371e-05
"2826",2013-09-30,"Defense","DLA","Uncommon [6-8]","DCSO","Aircraft",2.43647811516198e-05
"2827",2013-09-30,"Defense","DLA","Uncommon [6-8]","DCSO","Electronics & Communications",0.00629354595226973
"2828",2013-09-30,"Defense","DLA","Uncommon [6-8]","DCSO","ERS",0.000130705851223723
"2829",2013-09-30,"Defense","DLA","Uncommon [6-8]","DCSO","FRS&C",0.00324952347923225
"2830",2013-09-30,"Defense","DLA","Uncommon [6-8]","DCSO","ICT",0.0696330445110186
"2831",2013-09-30,"Defense","DLA","Uncommon [6-8]","DCSO","Other",0.000147231908195389
"2832",2013-09-30,"Defense","DLA","Uncommon [6-8]","DCSO","PAMS",0.0714428240815477
"2833",2013-09-30,"Defense","DLA","Uncommon [6-8]","DLA AVIATION","Aircraft",0.904545729373109
"2834",2013-09-30,"Defense","DLA","Uncommon [6-8]","DLA AVIATION","Clothing & Subsistence",0
"2835",2013-09-30,"Defense","DLA","Uncommon [6-8]","DLA AVIATION","Electronics & Communications",0.198420233675129
"2836",2013-09-30,"Defense","DLA","Uncommon [6-8]","DLA AVIATION","Engines & Power Plants",0.419992461469686
"2837",2013-09-30,"Defense","DLA","Uncommon [6-8]","DLA AVIATION","Ground Vehicles",0.019963559736468
"2838",2013-09-30,"Defense","DLA","Uncommon [6-8]","DLA AVIATION","Launchers & Munitions",0.0266155695897228
"2839",2013-09-30,"Defense","DLA","Uncommon [6-8]","DLA AVIATION","Missiles & Space",0.00425923295409769
"2840",2013-09-30,"Defense","DLA","Uncommon [6-8]","DLA AVIATION","Other",0.0376822235579364
"2841",2013-09-30,"Defense","DLA","Uncommon [6-8]","DLA AVIATION","Ships",6.56226873159338e-05
"2842",2013-09-30,"Defense","DLA","Uncommon [6-8]","DLA DISPOSITION SERVICES","Electronics & Communications",0
"2843",2013-09-30,"Defense","DLA","Uncommon [6-8]","DLA DISPOSITION SERVICES","ICT",-2.53767644968011e-06
"2844",2013-09-30,"Defense","DLA","Uncommon [6-8]","DLA DISPOSITION SERVICES","PAMS",0.00492737167634813
"2845",2013-09-30,"Defense","DLA","Uncommon [6-8]","DLA DISTRIBUTION","Electronics & Communications",0.0001469087442876
"2846",2013-09-30,"Defense","DLA","Uncommon [6-8]","DLA DISTRIBUTION","ERS",-5.54396262821164e-06
"2847",2013-09-30,"Defense","DLA","Uncommon [6-8]","DLA DISTRIBUTION","FRS&C",0.0152005185875901
"2848",2013-09-30,"Defense","DLA","Uncommon [6-8]","DLA DISTRIBUTION","ICT",0.0134279796136894
"2849",2013-09-30,"Defense","DLA","Uncommon [6-8]","DLA DISTRIBUTION","PAMS",0.0035272050781964
"2850",2013-09-30,"Defense","DLA","Uncommon [6-8]","DLA DOCUMENT SVCS","Electronics & Communications",0.00010138015639281
"2851",2013-09-30,"Defense","DLA","Uncommon [6-8]","DLA DOCUMENT SVCS","ERS",-7.89820239666904e-06
"2852",2013-09-30,"Defense","DLA","Uncommon [6-8]","DLA DOCUMENT SVCS","FRS&C",3.65593581801564e-05
"2853",2013-09-30,"Defense","DLA","Uncommon [6-8]","DLA DOCUMENT SVCS","ICT",-9.97352391591347e-05
"2854",2013-09-30,"Defense","DLA","Uncommon [6-8]","DLA DOCUMENT SVCS","PAMS",-0.000159760023662029
"2855",2013-09-30,"Defense","DLA","Uncommon [6-8]","DLA ENERGY","FRS&C",0.0108802656715751
"2856",2013-09-30,"Defense","DLA","Uncommon [6-8]","DLA ENERGY","PAMS",0.0265324867433736
"2857",2013-09-30,"Defense","DLA","Uncommon [6-8]","DLA LAND","Aircraft",0.00702501292220981
"2858",2013-09-30,"Defense","DLA","Uncommon [6-8]","DLA LAND","Electronics & Communications",0.0242308251182086
"2859",2013-09-30,"Defense","DLA","Uncommon [6-8]","DLA LAND","Engines & Power Plants",0.00414363733309637
"2860",2013-09-30,"Defense","DLA","Uncommon [6-8]","DLA LAND","Ground Vehicles",0.0107267263698588
"2861",2013-09-30,"Defense","DLA","Uncommon [6-8]","DLA LAND","Launchers & Munitions",0.000251109982735859
"2862",2013-09-30,"Defense","DLA","Uncommon [6-8]","DLA LAND","Other",0.00928320915913476
"2863",2013-09-30,"Defense","DLA","Uncommon [6-8]","DLA MARITIME","Aircraft",0.00374190102721641
"2864",2013-09-30,"Defense","DLA","Uncommon [6-8]","DLA MARITIME","Electronics & Communications",0.208012340569615
"2865",2013-09-30,"Defense","DLA","Uncommon [6-8]","DLA MARITIME","Engines & Power Plants",0.029906800413527
"2866",2013-09-30,"Defense","DLA","Uncommon [6-8]","DLA MARITIME","ERS",1.21864527267188e-06
"2867",2013-09-30,"Defense","DLA","Uncommon [6-8]","DLA MARITIME","Ground Vehicles",0.00526303682695237
"2868",2013-09-30,"Defense","DLA","Uncommon [6-8]","DLA MARITIME","Launchers & Munitions",0.00276910063816391
"2869",2013-09-30,"Defense","DLA","Uncommon [6-8]","DLA MARITIME","Missiles & Space",5.53630547374835e-05
"2870",2013-09-30,"Defense","DLA","Uncommon [6-8]","DLA MARITIME","Other",0.0142474489876104
"2871",2013-09-30,"Defense","DLA","Uncommon [6-8]","DLA MARITIME","Ships",0.0032241703027318
"2872",2013-09-30,"Defense","DLA","Uncommon [6-8]","DLA STRATEGIC MATERIALS","FRS&C",0.000102862558850411
"2873",2013-09-30,"Defense","DLA","Uncommon [6-8]","DLA STRATEGIC MATERIALS","PAMS",0.000752401738803696
"2874",2013-09-30,"Defense","DLA","Uncommon [6-8]","DLA TROOP SUPT C&T","Electronics & Communications",0.00721392200670255
"2875",2013-09-30,"Defense","DLA","Uncommon [6-8]","DLA TROOP SUPT MED","Electronics & Communications",0.000304967820148268
"2876",2013-09-30,"Defense","DLA","Uncommon [6-8]","DLA TROOP SUPT MED","Other",0.0113093117980095
"2877",2013-09-30,"Defense","DLA","Outer edge [4-5]","CONSTRUCTION & EQUIPMENT","Aircraft",0.0113084367509902
"2878",2013-09-30,"Defense","DLA","Outer edge [4-5]","CONSTRUCTION & EQUIPMENT","Electronics & Communications",0.0119605093096375
"2879",2013-09-30,"Defense","DLA","Outer edge [4-5]","CONSTRUCTION & EQUIPMENT","ERS",0.00242842693206053
"2880",2013-09-30,"Defense","DLA","Outer edge [4-5]","CONSTRUCTION & EQUIPMENT","Ground Vehicles",0.000243124983142074
"2881",2013-09-30,"Defense","DLA","Outer edge [4-5]","CONSTRUCTION & EQUIPMENT","ICT",9.84275413831624e-05
"2882",2013-09-30,"Defense","DLA","Outer edge [4-5]","CONSTRUCTION & EQUIPMENT","Other",0.184906728582817
"2883",2013-09-30,"Defense","DLA","Outer edge [4-5]","CONSTRUCTION & EQUIPMENT","PAMS",2.18950747435767e-05
"2884",2013-09-30,"Defense","DLA","Outer edge [4-5]","CONSTRUCTION & EQUIPMENT","Ships",0.00311610357956738
"2885",2013-09-30,"Defense","DLA","Outer edge [4-5]","DCSO","Clothing & Subsistence",4.41672580481365e-06
"2886",2013-09-30,"Defense","DLA","Outer edge [4-5]","DCSO","Electronics & Communications",0.0856338893276125
"2887",2013-09-30,"Defense","DLA","Outer edge [4-5]","DCSO","ERS",0.00466559180268102
"2888",2013-09-30,"Defense","DLA","Outer edge [4-5]","DCSO","FRS&C",0.00111271946999086
"2889",2013-09-30,"Defense","DLA","Outer edge [4-5]","DCSO","ICT",0.35399306334183
"2890",2013-09-30,"Defense","DLA","Outer edge [4-5]","DCSO","MED",0
"2891",2013-09-30,"Defense","DLA","Outer edge [4-5]","DCSO","Other",0.00158303178247182
"2892",2013-09-30,"Defense","DLA","Outer edge [4-5]","DCSO","PAMS",0.235512389482584
"2893",2013-09-30,"Defense","DLA","Outer edge [4-5]","DCSO","R&D",0.000365076070072103
"2894",2013-09-30,"Defense","DLA","Outer edge [4-5]","DLA AVIATION","Aircraft",0.27608038937971
"2895",2013-09-30,"Defense","DLA","Outer edge [4-5]","DLA AVIATION","Clothing & Subsistence",0.000383863343556413
"2896",2013-09-30,"Defense","DLA","Outer edge [4-5]","DLA AVIATION","Electronics & Communications",0.23800298090718
"2897",2013-09-30,"Defense","DLA","Outer edge [4-5]","DLA AVIATION","Engines & Power Plants",0.163103558120747
"2898",2013-09-30,"Defense","DLA","Outer edge [4-5]","DLA AVIATION","ERS",0.0002287915101046
"2899",2013-09-30,"Defense","DLA","Outer edge [4-5]","DLA AVIATION","Ground Vehicles",0.0370801528443181
"2900",2013-09-30,"Defense","DLA","Outer edge [4-5]","DLA AVIATION","Launchers & Munitions",0.00435892575728648
"2901",2013-09-30,"Defense","DLA","Outer edge [4-5]","DLA AVIATION","Missiles & Space",0.00723106056321722
"2902",2013-09-30,"Defense","DLA","Outer edge [4-5]","DLA AVIATION","Other",0.163452193932771
"2903",2013-09-30,"Defense","DLA","Outer edge [4-5]","DLA AVIATION","PAMS",0.000630771808672692
"2904",2013-09-30,"Defense","DLA","Outer edge [4-5]","DLA AVIATION","Ships",0.000493818977251955
"2905",2013-09-30,"Defense","DLA","Outer edge [4-5]","DLA DISPOSITION SERVICES","Electronics & Communications",0.000366007504823804
"2906",2013-09-30,"Defense","DLA","Outer edge [4-5]","DLA DISPOSITION SERVICES","ERS",0.00500046435289936
"2907",2013-09-30,"Defense","DLA","Outer edge [4-5]","DLA DISPOSITION SERVICES","FRS&C",0.00744729865898243
"2908",2013-09-30,"Defense","DLA","Outer edge [4-5]","DLA DISPOSITION SERVICES","Ground Vehicles",0.000139240284553671
"2909",2013-09-30,"Defense","DLA","Outer edge [4-5]","DLA DISPOSITION SERVICES","ICT",0.000438682796790901
"2910",2013-09-30,"Defense","DLA","Outer edge [4-5]","DLA DISPOSITION SERVICES","Other",5.44188893063877e-05
"2911",2013-09-30,"Defense","DLA","Outer edge [4-5]","DLA DISPOSITION SERVICES","PAMS",-5.08946887376866e-07
"2912",2013-09-30,"Defense","DLA","Outer edge [4-5]","DLA DISTRIBUTION","Aircraft",0
"2913",2013-09-30,"Defense","DLA","Outer edge [4-5]","DLA DISTRIBUTION","Electronics & Communications",0.00714820122098101
"2914",2013-09-30,"Defense","DLA","Outer edge [4-5]","DLA DISTRIBUTION","Engines & Power Plants",2.67433837717071e-05
"2915",2013-09-30,"Defense","DLA","Outer edge [4-5]","DLA DISTRIBUTION","ERS",0.00263938268294912
"2916",2013-09-30,"Defense","DLA","Outer edge [4-5]","DLA DISTRIBUTION","FRS&C",0.0760550722281913
"2917",2013-09-30,"Defense","DLA","Outer edge [4-5]","DLA DISTRIBUTION","Ground Vehicles",8.92153513760536e-05
"2918",2013-09-30,"Defense","DLA","Outer edge [4-5]","DLA DISTRIBUTION","ICT",0.018694359733726
"2919",2013-09-30,"Defense","DLA","Outer edge [4-5]","DLA DISTRIBUTION","MED",0.000951381740733218
"2920",2013-09-30,"Defense","DLA","Outer edge [4-5]","DLA DISTRIBUTION","Other",0.000162447465928709
"2921",2013-09-30,"Defense","DLA","Outer edge [4-5]","DLA DISTRIBUTION","PAMS",-0.000342795547984158
"2922",2013-09-30,"Defense","DLA","Outer edge [4-5]","DLA DOCUMENT SVCS","Electronics & Communications",0.0174037409162181
"2923",2013-09-30,"Defense","DLA","Outer edge [4-5]","DLA DOCUMENT SVCS","ERS",0.0193850221032802
"2924",2013-09-30,"Defense","DLA","Outer edge [4-5]","DLA DOCUMENT SVCS","FRS&C",0
"2925",2013-09-30,"Defense","DLA","Outer edge [4-5]","DLA DOCUMENT SVCS","ICT",0.00511912150959683
"2926",2013-09-30,"Defense","DLA","Outer edge [4-5]","DLA DOCUMENT SVCS","Other",0.000648328776378592
"2927",2013-09-30,"Defense","DLA","Outer edge [4-5]","DLA DOCUMENT SVCS","PAMS",0.00137016014694831
"2928",2013-09-30,"Defense","DLA","Outer edge [4-5]","DLA ENERGY","Electronics & Communications",7.19000710876409e-06
"2929",2013-09-30,"Defense","DLA","Outer edge [4-5]","DLA ENERGY","Engines & Power Plants",3.65593581801564e-05
"2930",2013-09-30,"Defense","DLA","Outer edge [4-5]","DLA ENERGY","ERS",0.00434514218330456
"2931",2013-09-30,"Defense","DLA","Outer edge [4-5]","DLA ENERGY","FRS&C",0.694035817328526
"2932",2013-09-30,"Defense","DLA","Outer edge [4-5]","DLA ENERGY","Fuels",0.00770106990078196
"2933",2013-09-30,"Defense","DLA","Outer edge [4-5]","DLA ENERGY","ICT",0.0238791337869402
"2934",2013-09-30,"Defense","DLA","Outer edge [4-5]","DLA ENERGY","MED",0.000162851629938052
"2935",2013-09-30,"Defense","DLA","Outer edge [4-5]","DLA ENERGY","Other",0.0118101899553163
"2936",2013-09-30,"Defense","DLA","Outer edge [4-5]","DLA ENERGY","PAMS",0.00648399626525845
"2937",2013-09-30,"Defense","DLA","Outer edge [4-5]","DLA ENERGY","R&D",0.000482510204732406
"2938",2013-09-30,"Defense","DLA","Outer edge [4-5]","DLA LAND","Aircraft",0.0253534494941607
"2939",2013-09-30,"Defense","DLA","Outer edge [4-5]","DLA LAND","Electronics & Communications",0.0340848015574287
"2940",2013-09-30,"Defense","DLA","Outer edge [4-5]","DLA LAND","Engines & Power Plants",0.0595040138563014
"2941",2013-09-30,"Defense","DLA","Outer edge [4-5]","DLA LAND","Ground Vehicles",0.315715885427135
"2942",2013-09-30,"Defense","DLA","Outer edge [4-5]","DLA LAND","Launchers & Munitions",0.0330177676122677
"2943",2013-09-30,"Defense","DLA","Outer edge [4-5]","DLA LAND","Missiles & Space",6.55864730374733e-05
"2944",2013-09-30,"Defense","DLA","Outer edge [4-5]","DLA LAND","Other",0.0607577723253783
"2945",2013-09-30,"Defense","DLA","Outer edge [4-5]","DLA LAND","Ships",3.65777593175586e-05
"2946",2013-09-30,"Defense","DLA","Outer edge [4-5]","DLA LOGISTICS INFORMATION SERVICE","Other",0.0375648184228699
"2947",2013-09-30,"Defense","DLA","Outer edge [4-5]","DLA MARITIME","Aircraft",0.00231548397420534
"2948",2013-09-30,"Defense","DLA","Outer edge [4-5]","DLA MARITIME","Clothing & Subsistence",0.000365172133644765
"2949",2013-09-30,"Defense","DLA","Outer edge [4-5]","DLA MARITIME","Electronics & Communications",0.254371049883315
"2950",2013-09-30,"Defense","DLA","Outer edge [4-5]","DLA MARITIME","Engines & Power Plants",0.057946246168173
"2951",2013-09-30,"Defense","DLA","Outer edge [4-5]","DLA MARITIME","ERS",0.000697009779628313
"2952",2013-09-30,"Defense","DLA","Outer edge [4-5]","DLA MARITIME","Ground Vehicles",0.0318628920403168
"2953",2013-09-30,"Defense","DLA","Outer edge [4-5]","DLA MARITIME","ICT",6.77465217832842e-06
"2954",2013-09-30,"Defense","DLA","Outer edge [4-5]","DLA MARITIME","Launchers & Munitions",0.00965397913872245
"2955",2013-09-30,"Defense","DLA","Outer edge [4-5]","DLA MARITIME","Missiles & Space",0.000909762634406418
"2956",2013-09-30,"Defense","DLA","Outer edge [4-5]","DLA MARITIME","Other",0.161223461202701
"2957",2013-09-30,"Defense","DLA","Outer edge [4-5]","DLA MARITIME","PAMS",1.00050776886361e-05
"2958",2013-09-30,"Defense","DLA","Outer edge [4-5]","DLA MARITIME","Ships",0.0380657484077384
"2959",2013-09-30,"Defense","DLA","Outer edge [4-5]","DLA STRATEGIC MATERIALS","Electronics & Communications",7.28422461663451e-05
"2960",2013-09-30,"Defense","DLA","Outer edge [4-5]","DLA STRATEGIC MATERIALS","ERS",5.47105915507261e-05
"2961",2013-09-30,"Defense","DLA","Outer edge [4-5]","DLA STRATEGIC MATERIALS","FRS&C",0.00407083933553366
"2962",2013-09-30,"Defense","DLA","Outer edge [4-5]","DLA STRATEGIC MATERIALS","ICT",0
"2963",2013-09-30,"Defense","DLA","Outer edge [4-5]","DLA STRATEGIC MATERIALS","PAMS",0
"2964",2013-09-30,"Defense","DLA","Outer edge [4-5]","DLA TROOP SUPT C&T","Clothing & Subsistence",0.0148318797541383
"2965",2013-09-30,"Defense","DLA","Outer edge [4-5]","DLA TROOP SUPT C&T","Other",4.55773331979283e-06
"2966",2013-09-30,"Defense","DLA","Outer edge [4-5]","DLA TROOP SUPT MED","Clothing & Subsistence",0.0538385431738601
"2967",2013-09-30,"Defense","DLA","Outer edge [4-5]","DLA TROOP SUPT MED","Electronics & Communications",0.000613039372600792
"2968",2013-09-30,"Defense","DLA","Outer edge [4-5]","DLA TROOP SUPT MED","Engines & Power Plants",7.18037467248908e-05
"2969",2013-09-30,"Defense","DLA","Outer edge [4-5]","DLA TROOP SUPT MED","Ground Vehicles",0.00173486456859957
"2970",2013-09-30,"Defense","DLA","Outer edge [4-5]","DLA TROOP SUPT MED","Other",0.069429318253072
"2971",2013-09-30,"Defense","DLA","Outer edge [4-5]","DLA TROOP SUPT SUB","Clothing & Subsistence",0.0186682888606682
"2972",2013-09-30,"Defense","DLA","Outer edge [4-5]","DLA TROOP SUPT SUB","Electronics & Communications",0.000456015842388545
"2973",2013-09-30,"Defense","DLA","Outer edge [4-5]","DLA TROOP SUPT SUB","ICT",0.000315872976541078
"2974",2013-09-30,"Defense","DLA","Outer edge [4-5]","DLA TROOP SUPT SUB","Other",0.00345392953457906
"2975",2013-09-30,"Defense","DLA","Outer edge [4-5]","DLA TROOP SUPT SUB","PAMS",4.38792525642328e-06
"2976",2013-09-30,"Defense","DLA","No history [0-3]","CONSTRUCTION & EQUIPMENT","Aircraft",0.00160420626038387
"2977",2013-09-30,"Defense","DLA","No history [0-3]","CONSTRUCTION & EQUIPMENT","Clothing & Subsistence",0.00568247692393622
"2978",2013-09-30,"Defense","DLA","No history [0-3]","CONSTRUCTION & EQUIPMENT","Electronics & Communications",0.0181156631591348
"2979",2013-09-30,"Defense","DLA","No history [0-3]","CONSTRUCTION & EQUIPMENT","Engines & Power Plants",3.63064994414542e-05
"2980",2013-09-30,"Defense","DLA","No history [0-3]","CONSTRUCTION & EQUIPMENT","ERS",8.1192241291764e-06
"2981",2013-09-30,"Defense","DLA","No history [0-3]","CONSTRUCTION & EQUIPMENT","Fuels",0.00100003192942013
"2982",2013-09-30,"Defense","DLA","No history [0-3]","CONSTRUCTION & EQUIPMENT","Ground Vehicles",0.000164377363765614
"2983",2013-09-30,"Defense","DLA","No history [0-3]","CONSTRUCTION & EQUIPMENT","Launchers & Munitions",8.25105403676247e-05
"2984",2013-09-30,"Defense","DLA","No history [0-3]","CONSTRUCTION & EQUIPMENT","Other",1.21092786472357
"2985",2013-09-30,"Defense","DLA","No history [0-3]","CONSTRUCTION & EQUIPMENT","Ships",0.824162489793338
"2986",2013-09-30,"Defense","DLA","No history [0-3]","DCSO","Clothing & Subsistence",0.000112882096069869
"2987",2013-09-30,"Defense","DLA","No history [0-3]","DCSO","Electronics & Communications",0.000335170754442978
"2988",2013-09-30,"Defense","DLA","No history [0-3]","DCSO","Engines & Power Plants",6.84111812734843e-05
"2989",2013-09-30,"Defense","DLA","No history [0-3]","DCSO","ERS",0.00280386724454148
"2990",2013-09-30,"Defense","DLA","No history [0-3]","DCSO","FRS&C",0.00922656003666091
"2991",2013-09-30,"Defense","DLA","No history [0-3]","DCSO","Fuels",0.000973238549812125
"2992",2013-09-30,"Defense","DLA","No history [0-3]","DCSO","Ground Vehicles",9.22704686706611e-05
"2993",2013-09-30,"Defense","DLA","No history [0-3]","DCSO","ICT",0.0346736252259571
"2994",2013-09-30,"Defense","DLA","No history [0-3]","DCSO","MED",0.00173172977424596
"2995",2013-09-30,"Defense","DLA","No history [0-3]","DCSO","Other",0.00357442723844826
"2996",2013-09-30,"Defense","DLA","No history [0-3]","DCSO","PAMS",0.010339144533462
"2997",2013-09-30,"Defense","DLA","No history [0-3]","DCSO","R&D",0.0154740118490911
"2998",2013-09-30,"Defense","DLA","No history [0-3]","DLA AVIATION","Aircraft",0.128315006616228
"2999",2013-09-30,"Defense","DLA","No history [0-3]","DLA AVIATION","Clothing & Subsistence",0.000877389591855387
"3000",2013-09-30,"Defense","DLA","No history [0-3]","DLA AVIATION","Electronics & Communications",0.0994107663960597
"3001",2013-09-30,"Defense","DLA","No history [0-3]","DLA AVIATION","Engines & Power Plants",0.0497256926482177
"3002",2013-09-30,"Defense","DLA","No history [0-3]","DLA AVIATION","ERS",9.2819458007515e-05
"3003",2013-09-30,"Defense","DLA","No history [0-3]","DLA AVIATION","FRS&C",2.65860060932264e-05
"3004",2013-09-30,"Defense","DLA","No history [0-3]","DLA AVIATION","Fuels",0.00236769347943536
"3005",2013-09-30,"Defense","DLA","No history [0-3]","DLA AVIATION","Ground Vehicles",0.00702643773007007
"3006",2013-09-30,"Defense","DLA","No history [0-3]","DLA AVIATION","Launchers & Munitions",0.00297501487732304
"3007",2013-09-30,"Defense","DLA","No history [0-3]","DLA AVIATION","Missiles & Space",0.00792189495044176
"3008",2013-09-30,"Defense","DLA","No history [0-3]","DLA AVIATION","Other",0.380790068245557
"3009",2013-09-30,"Defense","DLA","No history [0-3]","DLA AVIATION","PAMS",0
"3010",2013-09-30,"Defense","DLA","No history [0-3]","DLA AVIATION","Ships",0.00209085741048035
"3011",2013-09-30,"Defense","DLA","No history [0-3]","DLA DISPOSITION SERVICES","Clothing & Subsistence",8.72580481364883e-05
"3012",2013-09-30,"Defense","DLA","No history [0-3]","DLA DISPOSITION SERVICES","Electronics & Communications",1.41140244744592e-05
"3013",2013-09-30,"Defense","DLA","No history [0-3]","DLA DISPOSITION SERVICES","ERS",0.00548883490240682
"3014",2013-09-30,"Defense","DLA","No history [0-3]","DLA DISPOSITION SERVICES","FRS&C",0.0794852441543617
"3015",2013-09-30,"Defense","DLA","No history [0-3]","DLA DISPOSITION SERVICES","Fuels",1.26739108357875e-05
"3016",2013-09-30,"Defense","DLA","No history [0-3]","DLA DISPOSITION SERVICES","Ground Vehicles",0.000573569101452219
"3017",2013-09-30,"Defense","DLA","No history [0-3]","DLA DISPOSITION SERVICES","MED",3.83873260891642e-05
"3018",2013-09-30,"Defense","DLA","No history [0-3]","DLA DISPOSITION SERVICES","Other",0.00937585333675231
"3019",2013-09-30,"Defense","DLA","No history [0-3]","DLA DISPOSITION SERVICES","PAMS",0.00780082227978064
"3020",2013-09-30,"Defense","DLA","No history [0-3]","DLA DISPOSITION SERVICES","R&D",5.76076787854169e-05
"3021",2013-09-30,"Defense","DLA","No history [0-3]","DLA DISTRIBUTION","Clothing & Subsistence",0.000660506313496496
"3022",2013-09-30,"Defense","DLA","No history [0-3]","DLA DISTRIBUTION","Electronics & Communications",6.35694520158424e-05
"3023",2013-09-30,"Defense","DLA","No history [0-3]","DLA DISTRIBUTION","Engines & Power Plants",0.000671635288920483
"3024",2013-09-30,"Defense","DLA","No history [0-3]","DLA DISTRIBUTION","ERS",0.00200879210348329
"3025",2013-09-30,"Defense","DLA","No history [0-3]","DLA DISTRIBUTION","FRS&C",0.0242292619580583
"3026",2013-09-30,"Defense","DLA","No history [0-3]","DLA DISTRIBUTION","Fuels",0.00092640310013202
"3027",2013-09-30,"Defense","DLA","No history [0-3]","DLA DISTRIBUTION","Ground Vehicles",0.000112262212450493
"3028",2013-09-30,"Defense","DLA","No history [0-3]","DLA DISTRIBUTION","ICT",-0.000154125225855591
"3029",2013-09-30,"Defense","DLA","No history [0-3]","DLA DISTRIBUTION","Launchers & Munitions",0.000322775843708744
"3030",2013-09-30,"Defense","DLA","No history [0-3]","DLA DISTRIBUTION","MED",7.15783985985579e-05
"3031",2013-09-30,"Defense","DLA","No history [0-3]","DLA DISTRIBUTION","Missiles & Space",-6.88636450695643e-05
"3032",2013-09-30,"Defense","DLA","No history [0-3]","DLA DISTRIBUTION","Other",0.0177418910825632
"3033",2013-09-30,"Defense","DLA","No history [0-3]","DLA DISTRIBUTION","PAMS",0.00030679203554382
"3034",2013-09-30,"Defense","DLA","No history [0-3]","DLA DISTRIBUTION","R&D",0
"3035",2013-09-30,"Defense","DLA","No history [0-3]","DLA DISTRIBUTION","Ships",2.64425713415253e-05
"3036",2013-09-30,"Defense","DLA","No history [0-3]","DLA DOCUMENT SVCS","Electronics & Communications",1.48337360617447e-05
"3037",2013-09-30,"Defense","DLA","No history [0-3]","DLA DOCUMENT SVCS","ERS",0.0516878958568092
"3038",2013-09-30,"Defense","DLA","No history [0-3]","DLA DOCUMENT SVCS","FRS&C",5.42438316238448e-06
"3039",2013-09-30,"Defense","DLA","No history [0-3]","DLA DOCUMENT SVCS","ICT",-7.00544429775566e-05
"3040",2013-09-30,"Defense","DLA","No history [0-3]","DLA DOCUMENT SVCS","Other",0.00642913842876003
"3041",2013-09-30,"Defense","DLA","No history [0-3]","DLA DOCUMENT SVCS","PAMS",0.00297994080542297
"3042",2013-09-30,"Defense","DLA","No history [0-3]","DLA DOCUMENT SVCS","R&D",1.11709149994922e-07
"3043",2013-09-30,"Defense","DLA","No history [0-3]","DLA ENERGY","Engines & Power Plants",2.45554999492231e-05
"3044",2013-09-30,"Defense","DLA","No history [0-3]","DLA ENERGY","ERS",0.0237543376135879
"3045",2013-09-30,"Defense","DLA","No history [0-3]","DLA ENERGY","FRS&C",0.0215192227928303
"3046",2013-09-30,"Defense","DLA","No history [0-3]","DLA ENERGY","Fuels",13.9514514292499
"3047",2013-09-30,"Defense","DLA","No history [0-3]","DLA ENERGY","MED",0
"3048",2013-09-30,"Defense","DLA","No history [0-3]","DLA ENERGY","Other",0.0939975837495684
"3049",2013-09-30,"Defense","DLA","No history [0-3]","DLA ENERGY","PAMS",0.00858999351396364
"3050",2013-09-30,"Defense","DLA","No history [0-3]","DLA ENERGY","R&D",-0.000477751893063877
"3051",2013-09-30,"Defense","DLA","No history [0-3]","DLA LAND","Aircraft",0.0207105406216106
"3052",2013-09-30,"Defense","DLA","No history [0-3]","DLA LAND","Clothing & Subsistence",7.89512041230832e-05
"3053",2013-09-30,"Defense","DLA","No history [0-3]","DLA LAND","Electronics & Communications",0.0218677928815883
"3054",2013-09-30,"Defense","DLA","No history [0-3]","DLA LAND","Engines & Power Plants",0.245614121510308
"3055",2013-09-30,"Defense","DLA","No history [0-3]","DLA LAND","Fuels",3.62506357266172e-06
"3056",2013-09-30,"Defense","DLA","No history [0-3]","DLA LAND","Ground Vehicles",0.216674356628212
"3057",2013-09-30,"Defense","DLA","No history [0-3]","DLA LAND","Launchers & Munitions",0.12931363435229
"3058",2013-09-30,"Defense","DLA","No history [0-3]","DLA LAND","Missiles & Space",0.000606402017975018
"3059",2013-09-30,"Defense","DLA","No history [0-3]","DLA LAND","Other",0.0820659657888697
"3060",2013-09-30,"Defense","DLA","No history [0-3]","DLA LAND","Ships",0.000362587587996344
"3061",2013-09-30,"Defense","DLA","No history [0-3]","DLA LOGISTICS INFORMATION SERVICE","Clothing & Subsistence",0
"3062",2013-09-30,"Defense","DLA","No history [0-3]","DLA LOGISTICS INFORMATION SERVICE","Other",0.000424914519650655
"3063",2013-09-30,"Defense","DLA","No history [0-3]","DLA MARITIME","Aircraft",0.00638665149375444
"3064",2013-09-30,"Defense","DLA","No history [0-3]","DLA MARITIME","Clothing & Subsistence",0.00462713781496903
"3065",2013-09-30,"Defense","DLA","No history [0-3]","DLA MARITIME","Electronics & Communications",0.215035927249213
"3066",2013-09-30,"Defense","DLA","No history [0-3]","DLA MARITIME","Engines & Power Plants",0.0555111227197116
"3067",2013-09-30,"Defense","DLA","No history [0-3]","DLA MARITIME","ERS",0.000140089905656545
"3068",2013-09-30,"Defense","DLA","No history [0-3]","DLA MARITIME","FRS&C",0.00034617345384381
"3069",2013-09-30,"Defense","DLA","No history [0-3]","DLA MARITIME","Fuels",0.000151152736366406
"3070",2013-09-30,"Defense","DLA","No history [0-3]","DLA MARITIME","Ground Vehicles",0.0187513538198436
"3071",2013-09-30,"Defense","DLA","No history [0-3]","DLA MARITIME","Launchers & Munitions",0.0183357749926881
"3072",2013-09-30,"Defense","DLA","No history [0-3]","DLA MARITIME","Missiles & Space",0.00484211010328019
"3073",2013-09-30,"Defense","DLA","No history [0-3]","DLA MARITIME","Other",0.538690870378288
"3074",2013-09-30,"Defense","DLA","No history [0-3]","DLA MARITIME","PAMS",3.11648217731289e-05
"3075",2013-09-30,"Defense","DLA","No history [0-3]","DLA MARITIME","Ships",0.0196005266606073
"3076",2013-09-30,"Defense","DLA","No history [0-3]","DLA STRATEGIC MATERIALS","ERS",3.22363668122271e-05
"3077",2013-09-30,"Defense","DLA","No history [0-3]","DLA STRATEGIC MATERIALS","FRS&C",0.00185680042144816
"3078",2013-09-30,"Defense","DLA","No history [0-3]","DLA STRATEGIC MATERIALS","Other",0.00179769280146237
"3079",2013-09-30,"Defense","DLA","No history [0-3]","DLA STRATEGIC MATERIALS","PAMS",0.000882652916725906
"3080",2013-09-30,"Defense","DLA","No history [0-3]","DLA TROOP SUPT C&T","Clothing & Subsistence",1.36746369799492
"3081",2013-09-30,"Defense","DLA","No history [0-3]","DLA TROOP SUPT C&T","Other",0.0159402924051996
"3082",2013-09-30,"Defense","DLA","No history [0-3]","DLA TROOP SUPT MED","Clothing & Subsistence",3.76576595809952
"3083",2013-09-30,"Defense","DLA","No history [0-3]","DLA TROOP SUPT MED","Electronics & Communications",2.42408855488981e-05
"3084",2013-09-30,"Defense","DLA","No history [0-3]","DLA TROOP SUPT MED","Engines & Power Plants",0.000601195963643749
"3085",2013-09-30,"Defense","DLA","No history [0-3]","DLA TROOP SUPT MED","Fuels",1.32082661724383e-05
"3086",2013-09-30,"Defense","DLA","No history [0-3]","DLA TROOP SUPT MED","Ground Vehicles",0.000198650956331878
"3087",2013-09-30,"Defense","DLA","No history [0-3]","DLA TROOP SUPT MED","Launchers & Munitions",1.11418600589012e-05
"3088",2013-09-30,"Defense","DLA","No history [0-3]","DLA TROOP SUPT MED","Other",0.00695602434507972
"3089",2013-09-30,"Defense","DLA","No history [0-3]","DLA TROOP SUPT MED","Ships",7.2922189905555e-05
"3090",2013-09-30,"Defense","DLA","No history [0-3]","DLA TROOP SUPT SUB","Clothing & Subsistence",3.0963030012287
"3091",2013-09-30,"Defense","DLA","No history [0-3]","DLA TROOP SUPT SUB","FRS&C",0.00047955122260587
"3092",2013-09-30,"Defense","DLA","No history [0-3]","DLA TROOP SUPT SUB","Other",0.0208159864682644
"3093",2013-09-30,"Defense","DLA","No history [0-3]","DLA TROOP SUPT SUB","R&D",0.000168099928912359
"3094",2013-09-30,"Defense","DLA","No history [0-3]","DLA TROOP SUPT SUB","Ships",9.1017568802681e-06
"3095",2014-09-30,"Defense","DLA","Promising [9-10]","CONSTRUCTION & EQUIPMENT","Aircraft",0.000276593
"3096",2014-09-30,"Defense","DLA","Promising [9-10]","DCSO","PAMS",0.0050530149336
"3097",2014-09-30,"Defense","DLA","Promising [9-10]","DLA AVIATION","Aircraft",0.7499611354217
"3098",2014-09-30,"Defense","DLA","Promising [9-10]","DLA AVIATION","Electronics & Communications",0.0978817402704
"3099",2014-09-30,"Defense","DLA","Promising [9-10]","DLA AVIATION","Engines & Power Plants",0.3667416887136
"3100",2014-09-30,"Defense","DLA","Promising [9-10]","DLA ENERGY","PAMS",0.00107850778
"3101",2014-09-30,"Defense","DLA","Promising [9-10]","DLA LAND","Aircraft",-5.20097998e-05
"3102",2014-09-30,"Defense","DLA","Promising [9-10]","DLA LAND","Electronics & Communications",0.0151177452986
"3103",2014-09-30,"Defense","DLA","Promising [9-10]","DLA MARITIME","Aircraft",-0.0008255633553
"3104",2014-09-30,"Defense","DLA","Promising [9-10]","DLA MARITIME","Electronics & Communications",0.0082366907384
"3105",2014-09-30,"Defense","DLA","Uncommon [6-8]","CONSTRUCTION & EQUIPMENT","Aircraft",0.0001163855864
"3106",2014-09-30,"Defense","DLA","Uncommon [6-8]","CONSTRUCTION & EQUIPMENT","Electronics & Communications",1.28383198e-05
"3107",2014-09-30,"Defense","DLA","Uncommon [6-8]","CONSTRUCTION & EQUIPMENT","Engines & Power Plants",-1.500496e-05
"3108",2014-09-30,"Defense","DLA","Uncommon [6-8]","CONSTRUCTION & EQUIPMENT","Ground Vehicles",4.5668599e-06
"3109",2014-09-30,"Defense","DLA","Uncommon [6-8]","CONSTRUCTION & EQUIPMENT","ICT",4.574962e-05
"3110",2014-09-30,"Defense","DLA","Uncommon [6-8]","CONSTRUCTION & EQUIPMENT","Other",0.0042722583884
"3111",2014-09-30,"Defense","DLA","Uncommon [6-8]","DCSO","Aircraft",0
"3112",2014-09-30,"Defense","DLA","Uncommon [6-8]","DCSO","Electronics & Communications",0.01040384477
"3113",2014-09-30,"Defense","DLA","Uncommon [6-8]","DCSO","ERS",0.0005105064912
"3114",2014-09-30,"Defense","DLA","Uncommon [6-8]","DCSO","FRS&C",0.0031384478753
"3115",2014-09-30,"Defense","DLA","Uncommon [6-8]","DCSO","ICT",0.08302588786
"3116",2014-09-30,"Defense","DLA","Uncommon [6-8]","DCSO","Other",7.593985e-05
"3117",2014-09-30,"Defense","DLA","Uncommon [6-8]","DCSO","PAMS",0.0697704918581
"3118",2014-09-30,"Defense","DLA","Uncommon [6-8]","DLA AVIATION","Aircraft",0.9601782385872
"3119",2014-09-30,"Defense","DLA","Uncommon [6-8]","DLA AVIATION","Clothing & Subsistence",0
"3120",2014-09-30,"Defense","DLA","Uncommon [6-8]","DLA AVIATION","Electronics & Communications",0.2449383090225
"3121",2014-09-30,"Defense","DLA","Uncommon [6-8]","DLA AVIATION","Engines & Power Plants",0.3403280079837
"3122",2014-09-30,"Defense","DLA","Uncommon [6-8]","DLA AVIATION","Ground Vehicles",0.0181076638232
"3123",2014-09-30,"Defense","DLA","Uncommon [6-8]","DLA AVIATION","Launchers & Munitions",0.0005511885078
"3124",2014-09-30,"Defense","DLA","Uncommon [6-8]","DLA AVIATION","Missiles & Space",0.0065592838595
"3125",2014-09-30,"Defense","DLA","Uncommon [6-8]","DLA AVIATION","Other",0.0526940375463
"3126",2014-09-30,"Defense","DLA","Uncommon [6-8]","DLA AVIATION","PAMS",0.000203412
"3127",2014-09-30,"Defense","DLA","Uncommon [6-8]","DLA DISPOSITION SERVICES","Electronics & Communications",6.12e-06
"3128",2014-09-30,"Defense","DLA","Uncommon [6-8]","DLA DISPOSITION SERVICES","FRS&C",2.02e-05
"3129",2014-09-30,"Defense","DLA","Uncommon [6-8]","DLA DISPOSITION SERVICES","ICT",-1.352129e-05
"3130",2014-09-30,"Defense","DLA","Uncommon [6-8]","DLA DISPOSITION SERVICES","PAMS",0.0025454894391
"3131",2014-09-30,"Defense","DLA","Uncommon [6-8]","DLA DISTRIBUTION","Electronics & Communications",0.0003395037396
"3132",2014-09-30,"Defense","DLA","Uncommon [6-8]","DLA DISTRIBUTION","FRS&C",0.0165264990765
"3133",2014-09-30,"Defense","DLA","Uncommon [6-8]","DLA DISTRIBUTION","ICT",0.011763952915
"3134",2014-09-30,"Defense","DLA","Uncommon [6-8]","DLA DISTRIBUTION","PAMS",-1.69438313999997e-05
"3135",2014-09-30,"Defense","DLA","Uncommon [6-8]","DLA DOCUMENT SVCS","Electronics & Communications",0.00954383588
"3136",2014-09-30,"Defense","DLA","Uncommon [6-8]","DLA DOCUMENT SVCS","ERS",4.3234e-05
"3137",2014-09-30,"Defense","DLA","Uncommon [6-8]","DLA DOCUMENT SVCS","FRS&C",4.37387102e-05
"3138",2014-09-30,"Defense","DLA","Uncommon [6-8]","DLA DOCUMENT SVCS","ICT",0.00526023139
"3139",2014-09-30,"Defense","DLA","Uncommon [6-8]","DLA DOCUMENT SVCS","Other",6.56089531e-05
"3140",2014-09-30,"Defense","DLA","Uncommon [6-8]","DLA DOCUMENT SVCS","PAMS",0.000227598125
"3141",2014-09-30,"Defense","DLA","Uncommon [6-8]","DLA ENERGY","ERS",0.0005343
"3142",2014-09-30,"Defense","DLA","Uncommon [6-8]","DLA ENERGY","FRS&C",0.0034004490866
"3143",2014-09-30,"Defense","DLA","Uncommon [6-8]","DLA ENERGY","PAMS",0.0160223435708
"3144",2014-09-30,"Defense","DLA","Uncommon [6-8]","DLA LAND","Aircraft",0.0172963284104
"3145",2014-09-30,"Defense","DLA","Uncommon [6-8]","DLA LAND","Electronics & Communications",0.0566723750498
"3146",2014-09-30,"Defense","DLA","Uncommon [6-8]","DLA LAND","Engines & Power Plants",0.0030434713144
"3147",2014-09-30,"Defense","DLA","Uncommon [6-8]","DLA LAND","Ground Vehicles",0.0065548456071
"3148",2014-09-30,"Defense","DLA","Uncommon [6-8]","DLA LAND","Launchers & Munitions",0.0056446265
"3149",2014-09-30,"Defense","DLA","Uncommon [6-8]","DLA LAND","Other",0.0385440691645
"3150",2014-09-30,"Defense","DLA","Uncommon [6-8]","DLA LOGISTICS INFORMATION SERVICE","Other",1.674e-05
"3151",2014-09-30,"Defense","DLA","Uncommon [6-8]","DLA MARITIME","Aircraft",0.0010960592283
"3152",2014-09-30,"Defense","DLA","Uncommon [6-8]","DLA MARITIME","Electronics & Communications",0.1791767767348
"3153",2014-09-30,"Defense","DLA","Uncommon [6-8]","DLA MARITIME","Engines & Power Plants",0.0325210076175
"3154",2014-09-30,"Defense","DLA","Uncommon [6-8]","DLA MARITIME","ERS",2.201698e-05
"3155",2014-09-30,"Defense","DLA","Uncommon [6-8]","DLA MARITIME","Ground Vehicles",0.0172917673815
"3156",2014-09-30,"Defense","DLA","Uncommon [6-8]","DLA MARITIME","ICT",8.28688e-06
"3157",2014-09-30,"Defense","DLA","Uncommon [6-8]","DLA MARITIME","Launchers & Munitions",0.0011333568198
"3158",2014-09-30,"Defense","DLA","Uncommon [6-8]","DLA MARITIME","Missiles & Space",0.0002658485313
"3159",2014-09-30,"Defense","DLA","Uncommon [6-8]","DLA MARITIME","Other",0.0201997981905
"3160",2014-09-30,"Defense","DLA","Uncommon [6-8]","DLA MARITIME","Ships",0.001959470105
"3161",2014-09-30,"Defense","DLA","Uncommon [6-8]","DLA STRATEGIC MATERIALS","ERS",-0.0001178456719
"3162",2014-09-30,"Defense","DLA","Uncommon [6-8]","DLA STRATEGIC MATERIALS","FRS&C",0.000103326002
"3163",2014-09-30,"Defense","DLA","Uncommon [6-8]","DLA STRATEGIC MATERIALS","PAMS",0.0009669762969
"3164",2014-09-30,"Defense","DLA","Uncommon [6-8]","DLA TROOP SUPT C&T","Electronics & Communications",0.006767906
"3165",2014-09-30,"Defense","DLA","Uncommon [6-8]","DLA TROOP SUPT C&T","PAMS",0.018301342
"3166",2014-09-30,"Defense","DLA","Uncommon [6-8]","DLA TROOP SUPT MED","Other",0.0271287789701
"3167",2014-09-30,"Defense","DLA","Uncommon [6-8]","Uncategorized","PAMS",0.019184434
"3168",2014-09-30,"Defense","DLA","Outer edge [4-5]","CONSTRUCTION & EQUIPMENT","Aircraft",0.0128105360592
"3169",2014-09-30,"Defense","DLA","Outer edge [4-5]","CONSTRUCTION & EQUIPMENT","Clothing & Subsistence",0
"3170",2014-09-30,"Defense","DLA","Outer edge [4-5]","CONSTRUCTION & EQUIPMENT","Electronics & Communications",0.012234213756
"3171",2014-09-30,"Defense","DLA","Outer edge [4-5]","CONSTRUCTION & EQUIPMENT","Engines & Power Plants",0.0002188887969
"3172",2014-09-30,"Defense","DLA","Outer edge [4-5]","CONSTRUCTION & EQUIPMENT","ERS",0.007284315
"3173",2014-09-30,"Defense","DLA","Outer edge [4-5]","CONSTRUCTION & EQUIPMENT","Ground Vehicles",8.50548594e-05
"3174",2014-09-30,"Defense","DLA","Outer edge [4-5]","CONSTRUCTION & EQUIPMENT","ICT",1.262844e-05
"3175",2014-09-30,"Defense","DLA","Outer edge [4-5]","CONSTRUCTION & EQUIPMENT","Other",0.1547544107135
"3176",2014-09-30,"Defense","DLA","Outer edge [4-5]","CONSTRUCTION & EQUIPMENT","PAMS",0.0001180849102
"3177",2014-09-30,"Defense","DLA","Outer edge [4-5]","CONSTRUCTION & EQUIPMENT","Ships",0.0074752714388
"3178",2014-09-30,"Defense","DLA","Outer edge [4-5]","DCSO","Electronics & Communications",0.1271332029947
"3179",2014-09-30,"Defense","DLA","Outer edge [4-5]","DCSO","ERS",0.0020561020883
"3180",2014-09-30,"Defense","DLA","Outer edge [4-5]","DCSO","FRS&C",0.0072096897976
"3181",2014-09-30,"Defense","DLA","Outer edge [4-5]","DCSO","ICT",0.2229696624525
"3182",2014-09-30,"Defense","DLA","Outer edge [4-5]","DCSO","MED",0.000675907
"3183",2014-09-30,"Defense","DLA","Outer edge [4-5]","DCSO","Other",0.0042532970303
"3184",2014-09-30,"Defense","DLA","Outer edge [4-5]","DCSO","PAMS",0.1860424930786
"3185",2014-09-30,"Defense","DLA","Outer edge [4-5]","DCSO","R&D",0.0056431768945
"3186",2014-09-30,"Defense","DLA","Outer edge [4-5]","DLA AVIATION","Aircraft",0.2759947270922
"3187",2014-09-30,"Defense","DLA","Outer edge [4-5]","DLA AVIATION","Clothing & Subsistence",0.0033037562402
"3188",2014-09-30,"Defense","DLA","Outer edge [4-5]","DLA AVIATION","Electronics & Communications",0.2415946277398
"3189",2014-09-30,"Defense","DLA","Outer edge [4-5]","DLA AVIATION","Engines & Power Plants",0.1725852486321
"3190",2014-09-30,"Defense","DLA","Outer edge [4-5]","DLA AVIATION","ERS",3.6186899e-06
"3191",2014-09-30,"Defense","DLA","Outer edge [4-5]","DLA AVIATION","Ground Vehicles",0.0218792906241
"3192",2014-09-30,"Defense","DLA","Outer edge [4-5]","DLA AVIATION","Launchers & Munitions",0.0251548000455
"3193",2014-09-30,"Defense","DLA","Outer edge [4-5]","DLA AVIATION","Missiles & Space",0.0064498737609
"3194",2014-09-30,"Defense","DLA","Outer edge [4-5]","DLA AVIATION","Other",0.1655964739321
"3195",2014-09-30,"Defense","DLA","Outer edge [4-5]","DLA AVIATION","PAMS",0.0019418526406
"3196",2014-09-30,"Defense","DLA","Outer edge [4-5]","DLA AVIATION","Ships",0.001562855
"3197",2014-09-30,"Defense","DLA","Outer edge [4-5]","DLA DISPOSITION SERVICES","Electronics & Communications",0.0001977373704
"3198",2014-09-30,"Defense","DLA","Outer edge [4-5]","DLA DISPOSITION SERVICES","ERS",0.0077334570106
"3199",2014-09-30,"Defense","DLA","Outer edge [4-5]","DLA DISPOSITION SERVICES","FRS&C",0.0045247041685
"3200",2014-09-30,"Defense","DLA","Outer edge [4-5]","DLA DISPOSITION SERVICES","ICT",0.00016204278
"3201",2014-09-30,"Defense","DLA","Outer edge [4-5]","DLA DISPOSITION SERVICES","Other",0.0019709699961
"3202",2014-09-30,"Defense","DLA","Outer edge [4-5]","DLA DISPOSITION SERVICES","PAMS",0.000185463123
"3203",2014-09-30,"Defense","DLA","Outer edge [4-5]","DLA DISTRIBUTION","Aircraft",7.6579502e-06
"3204",2014-09-30,"Defense","DLA","Outer edge [4-5]","DLA DISTRIBUTION","Clothing & Subsistence",2.22e-06
"3205",2014-09-30,"Defense","DLA","Outer edge [4-5]","DLA DISTRIBUTION","Electronics & Communications",0.0012942480585
"3206",2014-09-30,"Defense","DLA","Outer edge [4-5]","DLA DISTRIBUTION","Engines & Power Plants",6.5615e-07
"3207",2014-09-30,"Defense","DLA","Outer edge [4-5]","DLA DISTRIBUTION","ERS",0.0011029164693
"3208",2014-09-30,"Defense","DLA","Outer edge [4-5]","DLA DISTRIBUTION","FRS&C",0.0784478500947
"3209",2014-09-30,"Defense","DLA","Outer edge [4-5]","DLA DISTRIBUTION","Ground Vehicles",0.0002151921301
"3210",2014-09-30,"Defense","DLA","Outer edge [4-5]","DLA DISTRIBUTION","ICT",0.0172942781001
"3211",2014-09-30,"Defense","DLA","Outer edge [4-5]","DLA DISTRIBUTION","MED",0.000961359375
"3212",2014-09-30,"Defense","DLA","Outer edge [4-5]","DLA DISTRIBUTION","Other",0.0003703304314
"3213",2014-09-30,"Defense","DLA","Outer edge [4-5]","DLA DISTRIBUTION","PAMS",-0.0001911558133
"3214",2014-09-30,"Defense","DLA","Outer edge [4-5]","DLA DOCUMENT SVCS","Electronics & Communications",0.0087991699866
"3215",2014-09-30,"Defense","DLA","Outer edge [4-5]","DLA DOCUMENT SVCS","ERS",0.019203896545
"3216",2014-09-30,"Defense","DLA","Outer edge [4-5]","DLA DOCUMENT SVCS","FRS&C",4.176e-06
"3217",2014-09-30,"Defense","DLA","Outer edge [4-5]","DLA DOCUMENT SVCS","ICT",0.0051339903801
"3218",2014-09-30,"Defense","DLA","Outer edge [4-5]","DLA DOCUMENT SVCS","Other",0.0015236384408
"3219",2014-09-30,"Defense","DLA","Outer edge [4-5]","DLA DOCUMENT SVCS","PAMS",3.6162294e-05
"3220",2014-09-30,"Defense","DLA","Outer edge [4-5]","DLA ENERGY","Electronics & Communications",0.0001210643403
"3221",2014-09-30,"Defense","DLA","Outer edge [4-5]","DLA ENERGY","Engines & Power Plants",3.6e-05
"3222",2014-09-30,"Defense","DLA","Outer edge [4-5]","DLA ENERGY","ERS",0.000736938625
"3223",2014-09-30,"Defense","DLA","Outer edge [4-5]","DLA ENERGY","FRS&C",0.6715756118548
"3224",2014-09-30,"Defense","DLA","Outer edge [4-5]","DLA ENERGY","ICT",1.226828e-05
"3225",2014-09-30,"Defense","DLA","Outer edge [4-5]","DLA ENERGY","MED",2.29655703e-05
"3226",2014-09-30,"Defense","DLA","Outer edge [4-5]","DLA ENERGY","Other",0.0013247346519
"3227",2014-09-30,"Defense","DLA","Outer edge [4-5]","DLA ENERGY","PAMS",0.0051743374507
"3228",2014-09-30,"Defense","DLA","Outer edge [4-5]","DLA ENERGY","R&D",5.82047998e-05
"3229",2014-09-30,"Defense","DLA","Outer edge [4-5]","DLA LAND","Aircraft",0.0734031715278
"3230",2014-09-30,"Defense","DLA","Outer edge [4-5]","DLA LAND","Electronics & Communications",0.0438230969995
"3231",2014-09-30,"Defense","DLA","Outer edge [4-5]","DLA LAND","Engines & Power Plants",0.0548610815783
"3232",2014-09-30,"Defense","DLA","Outer edge [4-5]","DLA LAND","Ground Vehicles",0.2790482428462
"3233",2014-09-30,"Defense","DLA","Outer edge [4-5]","DLA LAND","Launchers & Munitions",0.0243799031123
"3234",2014-09-30,"Defense","DLA","Outer edge [4-5]","DLA LAND","Missiles & Space",1.695e-06
"3235",2014-09-30,"Defense","DLA","Outer edge [4-5]","DLA LAND","Other",0.0358298253106
"3236",2014-09-30,"Defense","DLA","Outer edge [4-5]","DLA LAND","Ships",0.0004618404918
"3237",2014-09-30,"Defense","DLA","Outer edge [4-5]","DLA LOGISTICS INFORMATION SERVICE","Other",0.058146907745
"3238",2014-09-30,"Defense","DLA","Outer edge [4-5]","DLA MARITIME","Aircraft",0.0051605170187
"3239",2014-09-30,"Defense","DLA","Outer edge [4-5]","DLA MARITIME","Clothing & Subsistence",0.0002891588496
"3240",2014-09-30,"Defense","DLA","Outer edge [4-5]","DLA MARITIME","Electronics & Communications",0.2308199006312
"3241",2014-09-30,"Defense","DLA","Outer edge [4-5]","DLA MARITIME","Engines & Power Plants",0.0672050339553
"3242",2014-09-30,"Defense","DLA","Outer edge [4-5]","DLA MARITIME","ERS",0.00070945538
"3243",2014-09-30,"Defense","DLA","Outer edge [4-5]","DLA MARITIME","FRS&C",4.3793599e-06
"3244",2014-09-30,"Defense","DLA","Outer edge [4-5]","DLA MARITIME","Ground Vehicles",0.0889829080494
"3245",2014-09-30,"Defense","DLA","Outer edge [4-5]","DLA MARITIME","ICT",7.56448e-06
"3246",2014-09-30,"Defense","DLA","Outer edge [4-5]","DLA MARITIME","Launchers & Munitions",0.0086476574095
"3247",2014-09-30,"Defense","DLA","Outer edge [4-5]","DLA MARITIME","Missiles & Space",0.0011852649995
"3248",2014-09-30,"Defense","DLA","Outer edge [4-5]","DLA MARITIME","Other",0.1656976083948
"3249",2014-09-30,"Defense","DLA","Outer edge [4-5]","DLA MARITIME","PAMS",1.64485e-05
"3250",2014-09-30,"Defense","DLA","Outer edge [4-5]","DLA MARITIME","Ships",0.033658148147
"3251",2014-09-30,"Defense","DLA","Outer edge [4-5]","DLA STRATEGIC MATERIALS","Electronics & Communications",3.17795193e-05
"3252",2014-09-30,"Defense","DLA","Outer edge [4-5]","DLA STRATEGIC MATERIALS","Engines & Power Plants",0.001499466375
"3253",2014-09-30,"Defense","DLA","Outer edge [4-5]","DLA STRATEGIC MATERIALS","ERS",7.9281299e-06
"3254",2014-09-30,"Defense","DLA","Outer edge [4-5]","DLA STRATEGIC MATERIALS","FRS&C",-0.0012061555702
"3255",2014-09-30,"Defense","DLA","Outer edge [4-5]","DLA STRATEGIC MATERIALS","ICT",0
"3256",2014-09-30,"Defense","DLA","Outer edge [4-5]","DLA TROOP SUPT C&T","Clothing & Subsistence",0.0324171780689
"3257",2014-09-30,"Defense","DLA","Outer edge [4-5]","DLA TROOP SUPT C&T","PAMS",0.000862792
"3258",2014-09-30,"Defense","DLA","Outer edge [4-5]","DLA TROOP SUPT MED","Clothing & Subsistence",0.0271181579778
"3259",2014-09-30,"Defense","DLA","Outer edge [4-5]","DLA TROOP SUPT MED","Electronics & Communications",0.0001416056079
"3260",2014-09-30,"Defense","DLA","Outer edge [4-5]","DLA TROOP SUPT MED","Engines & Power Plants",0.0001045917801
"3261",2014-09-30,"Defense","DLA","Outer edge [4-5]","DLA TROOP SUPT MED","Ground Vehicles",0.00047506025
"3262",2014-09-30,"Defense","DLA","Outer edge [4-5]","DLA TROOP SUPT MED","Other",0.0536776609237
"3263",2014-09-30,"Defense","DLA","Outer edge [4-5]","DLA TROOP SUPT SUB","Clothing & Subsistence",0.03681667224
"3264",2014-09-30,"Defense","DLA","Outer edge [4-5]","DLA TROOP SUPT SUB","Electronics & Communications",1.119821e-05
"3265",2014-09-30,"Defense","DLA","Outer edge [4-5]","DLA TROOP SUPT SUB","ERS",4.25352813e-05
"3266",2014-09-30,"Defense","DLA","Outer edge [4-5]","DLA TROOP SUPT SUB","ICT",3.71984e-06
"3267",2014-09-30,"Defense","DLA","Outer edge [4-5]","Uncategorized","Engines & Power Plants",-1.01462e-06
"3268",2014-09-30,"Defense","DLA","Outer edge [4-5]","Uncategorized","Other",0.00010663149
"3269",2014-09-30,"Defense","DLA","No history [0-3]","CONSTRUCTION & EQUIPMENT","Aircraft",0.0025635986955
"3270",2014-09-30,"Defense","DLA","No history [0-3]","CONSTRUCTION & EQUIPMENT","Clothing & Subsistence",0.0031941020246
"3271",2014-09-30,"Defense","DLA","No history [0-3]","CONSTRUCTION & EQUIPMENT","Electronics & Communications",0.0523463864012
"3272",2014-09-30,"Defense","DLA","No history [0-3]","CONSTRUCTION & EQUIPMENT","Engines & Power Plants",8.49176602e-05
"3273",2014-09-30,"Defense","DLA","No history [0-3]","CONSTRUCTION & EQUIPMENT","ERS",1.3995e-05
"3274",2014-09-30,"Defense","DLA","No history [0-3]","CONSTRUCTION & EQUIPMENT","Fuels",0.0009076084205
"3275",2014-09-30,"Defense","DLA","No history [0-3]","CONSTRUCTION & EQUIPMENT","Ground Vehicles",0.0002103709401
"3276",2014-09-30,"Defense","DLA","No history [0-3]","CONSTRUCTION & EQUIPMENT","Launchers & Munitions",-8.3774399e-06
"3277",2014-09-30,"Defense","DLA","No history [0-3]","CONSTRUCTION & EQUIPMENT","Other",1.4436804176393
"3278",2014-09-30,"Defense","DLA","No history [0-3]","CONSTRUCTION & EQUIPMENT","Ships",0.7574496575009
"3279",2014-09-30,"Defense","DLA","No history [0-3]","DCSO","Clothing & Subsistence",0.0006745487903
"3280",2014-09-30,"Defense","DLA","No history [0-3]","DCSO","Electronics & Communications",0.0016449125775
"3281",2014-09-30,"Defense","DLA","No history [0-3]","DCSO","ERS",0.0076968310421
"3282",2014-09-30,"Defense","DLA","No history [0-3]","DCSO","FRS&C",0.0167811770681
"3283",2014-09-30,"Defense","DLA","No history [0-3]","DCSO","Fuels",-2.456326e-05
"3284",2014-09-30,"Defense","DLA","No history [0-3]","DCSO","Ground Vehicles",4.2e-06
"3285",2014-09-30,"Defense","DLA","No history [0-3]","DCSO","ICT",0.00781694311
"3286",2014-09-30,"Defense","DLA","No history [0-3]","DCSO","MED",0.0006474106094
"3287",2014-09-30,"Defense","DLA","No history [0-3]","DCSO","Other",0.004529707888
"3288",2014-09-30,"Defense","DLA","No history [0-3]","DCSO","PAMS",0.161375687962
"3289",2014-09-30,"Defense","DLA","No history [0-3]","DCSO","R&D",0.0136544928202
"3290",2014-09-30,"Defense","DLA","No history [0-3]","DLA AVIATION","Aircraft",0.1304298178878
"3291",2014-09-30,"Defense","DLA","No history [0-3]","DLA AVIATION","Clothing & Subsistence",0.0008302630167
"3292",2014-09-30,"Defense","DLA","No history [0-3]","DLA AVIATION","Electronics & Communications",0.1006794208358
"3293",2014-09-30,"Defense","DLA","No history [0-3]","DLA AVIATION","Engines & Power Plants",0.0380001773002
"3294",2014-09-30,"Defense","DLA","No history [0-3]","DLA AVIATION","ERS",0.0001193
"3295",2014-09-30,"Defense","DLA","No history [0-3]","DLA AVIATION","Fuels",0.0001513309589
"3296",2014-09-30,"Defense","DLA","No history [0-3]","DLA AVIATION","Ground Vehicles",0.0083286547824
"3297",2014-09-30,"Defense","DLA","No history [0-3]","DLA AVIATION","Launchers & Munitions",0.0023482205214
"3298",2014-09-30,"Defense","DLA","No history [0-3]","DLA AVIATION","Missiles & Space",0.0036614698334
"3299",2014-09-30,"Defense","DLA","No history [0-3]","DLA AVIATION","Other",0.4021646313649
"3300",2014-09-30,"Defense","DLA","No history [0-3]","DLA AVIATION","PAMS",1.36e-06
"3301",2014-09-30,"Defense","DLA","No history [0-3]","DLA AVIATION","Ships",0.0018410833733
"3302",2014-09-30,"Defense","DLA","No history [0-3]","DLA DISPOSITION SERVICES","Clothing & Subsistence",0
"3303",2014-09-30,"Defense","DLA","No history [0-3]","DLA DISPOSITION SERVICES","Electronics & Communications",1.7547e-05
"3304",2014-09-30,"Defense","DLA","No history [0-3]","DLA DISPOSITION SERVICES","ERS",0.0047022454911
"3305",2014-09-30,"Defense","DLA","No history [0-3]","DLA DISPOSITION SERVICES","FRS&C",0.0605130526822
"3306",2014-09-30,"Defense","DLA","No history [0-3]","DLA DISPOSITION SERVICES","Fuels",-7.48171e-06
"3307",2014-09-30,"Defense","DLA","No history [0-3]","DLA DISPOSITION SERVICES","Ground Vehicles",0.00028484746
"3308",2014-09-30,"Defense","DLA","No history [0-3]","DLA DISPOSITION SERVICES","ICT",5.824935e-05
"3309",2014-09-30,"Defense","DLA","No history [0-3]","DLA DISPOSITION SERVICES","MED",0.0001006401904
"3310",2014-09-30,"Defense","DLA","No history [0-3]","DLA DISPOSITION SERVICES","Other",0.0083937552334
"3311",2014-09-30,"Defense","DLA","No history [0-3]","DLA DISPOSITION SERVICES","PAMS",0.0080140374666
"3312",2014-09-30,"Defense","DLA","No history [0-3]","DLA DISTRIBUTION","Clothing & Subsistence",0.0002598088499
"3313",2014-09-30,"Defense","DLA","No history [0-3]","DLA DISTRIBUTION","Electronics & Communications",0.000106906379
"3314",2014-09-30,"Defense","DLA","No history [0-3]","DLA DISTRIBUTION","Engines & Power Plants",0.0005314498872
"3315",2014-09-30,"Defense","DLA","No history [0-3]","DLA DISTRIBUTION","ERS",0.0027931946237
"3316",2014-09-30,"Defense","DLA","No history [0-3]","DLA DISTRIBUTION","FRS&C",0.0342894662022
"3317",2014-09-30,"Defense","DLA","No history [0-3]","DLA DISTRIBUTION","Fuels",0.0003693449225
"3318",2014-09-30,"Defense","DLA","No history [0-3]","DLA DISTRIBUTION","Ground Vehicles",8.53094404e-05
"3319",2014-09-30,"Defense","DLA","No history [0-3]","DLA DISTRIBUTION","ICT",0.00030402201
"3320",2014-09-30,"Defense","DLA","No history [0-3]","DLA DISTRIBUTION","Launchers & Munitions",0.0001362200532
"3321",2014-09-30,"Defense","DLA","No history [0-3]","DLA DISTRIBUTION","MED",-1.68308105e-05
"3322",2014-09-30,"Defense","DLA","No history [0-3]","DLA DISTRIBUTION","Missiles & Space",9.7833398e-06
"3323",2014-09-30,"Defense","DLA","No history [0-3]","DLA DISTRIBUTION","Other",0.0258612765268
"3324",2014-09-30,"Defense","DLA","No history [0-3]","DLA DISTRIBUTION","PAMS",0.0001758237462
"3325",2014-09-30,"Defense","DLA","No history [0-3]","DLA DISTRIBUTION","R&D",-2.58238008e-05
"3326",2014-09-30,"Defense","DLA","No history [0-3]","DLA DISTRIBUTION","Ships",4.1439e-05
"3327",2014-09-30,"Defense","DLA","No history [0-3]","DLA DOCUMENT SVCS","Electronics & Communications",4.65342494e-05
"3328",2014-09-30,"Defense","DLA","No history [0-3]","DLA DOCUMENT SVCS","ERS",0.0300103811841
"3329",2014-09-30,"Defense","DLA","No history [0-3]","DLA DOCUMENT SVCS","ICT",-5.86335e-06
"3330",2014-09-30,"Defense","DLA","No history [0-3]","DLA DOCUMENT SVCS","Other",0.0100930904146
"3331",2014-09-30,"Defense","DLA","No history [0-3]","DLA DOCUMENT SVCS","PAMS",0.0012240070853
"3332",2014-09-30,"Defense","DLA","No history [0-3]","DLA DOCUMENT SVCS","R&D",4.16463995e-05
"3333",2014-09-30,"Defense","DLA","No history [0-3]","DLA ENERGY","Electronics & Communications",0.0002506145795
"3334",2014-09-30,"Defense","DLA","No history [0-3]","DLA ENERGY","ERS",0.0038130918014
"3335",2014-09-30,"Defense","DLA","No history [0-3]","DLA ENERGY","FRS&C",0.0685179806599
"3336",2014-09-30,"Defense","DLA","No history [0-3]","DLA ENERGY","Fuels",11.6849647333335
"3337",2014-09-30,"Defense","DLA","No history [0-3]","DLA ENERGY","MED",0
"3338",2014-09-30,"Defense","DLA","No history [0-3]","DLA ENERGY","Other",0.0216505914013
"3339",2014-09-30,"Defense","DLA","No history [0-3]","DLA ENERGY","PAMS",-0.0011510905308
"3340",2014-09-30,"Defense","DLA","No history [0-3]","DLA ENERGY","R&D",0.0002266203002
"3341",2014-09-30,"Defense","DLA","No history [0-3]","DLA LAND","Aircraft",0.0002391170996
"3342",2014-09-30,"Defense","DLA","No history [0-3]","DLA LAND","Clothing & Subsistence",0.00528114725
"3343",2014-09-30,"Defense","DLA","No history [0-3]","DLA LAND","Electronics & Communications",0.0150252291354
"3344",2014-09-30,"Defense","DLA","No history [0-3]","DLA LAND","Engines & Power Plants",0.1506527027825
"3345",2014-09-30,"Defense","DLA","No history [0-3]","DLA LAND","Fuels",1.11100801e-05
"3346",2014-09-30,"Defense","DLA","No history [0-3]","DLA LAND","Ground Vehicles",0.2926277253393
"3347",2014-09-30,"Defense","DLA","No history [0-3]","DLA LAND","Launchers & Munitions",0.0907858227094
"3348",2014-09-30,"Defense","DLA","No history [0-3]","DLA LAND","Missiles & Space",0.0005342339625
"3349",2014-09-30,"Defense","DLA","No history [0-3]","DLA LAND","Other",0.0551080858974
"3350",2014-09-30,"Defense","DLA","No history [0-3]","DLA LAND","Ships",0.0002186590708
"3351",2014-09-30,"Defense","DLA","No history [0-3]","DLA LOGISTICS INFORMATION SERVICE","Clothing & Subsistence",0
"3352",2014-09-30,"Defense","DLA","No history [0-3]","DLA LOGISTICS INFORMATION SERVICE","Other",0
"3353",2014-09-30,"Defense","DLA","No history [0-3]","DLA MARITIME","Aircraft",0.0094133247096
"3354",2014-09-30,"Defense","DLA","No history [0-3]","DLA MARITIME","Clothing & Subsistence",0.004882798898
"3355",2014-09-30,"Defense","DLA","No history [0-3]","DLA MARITIME","Electronics & Communications",0.1978670747505
"3356",2014-09-30,"Defense","DLA","No history [0-3]","DLA MARITIME","Engines & Power Plants",0.1245739316656
"3357",2014-09-30,"Defense","DLA","No history [0-3]","DLA MARITIME","ERS",0.0001569715397
"3358",2014-09-30,"Defense","DLA","No history [0-3]","DLA MARITIME","FRS&C",0.0001301760625
"3359",2014-09-30,"Defense","DLA","No history [0-3]","DLA MARITIME","Fuels",7.15521601e-05
"3360",2014-09-30,"Defense","DLA","No history [0-3]","DLA MARITIME","Ground Vehicles",0.032719504023
"3361",2014-09-30,"Defense","DLA","No history [0-3]","DLA MARITIME","ICT",3e-06
"3362",2014-09-30,"Defense","DLA","No history [0-3]","DLA MARITIME","Launchers & Munitions",0.0427726306687
"3363",2014-09-30,"Defense","DLA","No history [0-3]","DLA MARITIME","Missiles & Space",0.0063181553862
"3364",2014-09-30,"Defense","DLA","No history [0-3]","DLA MARITIME","Other",0.5802235857337
"3365",2014-09-30,"Defense","DLA","No history [0-3]","DLA MARITIME","PAMS",1.749603e-05
"3366",2014-09-30,"Defense","DLA","No history [0-3]","DLA MARITIME","Ships",0.0241600940214
"3367",2014-09-30,"Defense","DLA","No history [0-3]","DLA STRATEGIC MATERIALS","ERS",4.92e-06
"3368",2014-09-30,"Defense","DLA","No history [0-3]","DLA STRATEGIC MATERIALS","FRS&C",0.00261213
"3369",2014-09-30,"Defense","DLA","No history [0-3]","DLA STRATEGIC MATERIALS","Ground Vehicles",4.00325e-05
"3370",2014-09-30,"Defense","DLA","No history [0-3]","DLA STRATEGIC MATERIALS","Other",0.0001589854219
"3371",2014-09-30,"Defense","DLA","No history [0-3]","DLA STRATEGIC MATERIALS","PAMS",0.0004271061799
"3372",2014-09-30,"Defense","DLA","No history [0-3]","DLA TROOP SUPT C&T","Clothing & Subsistence",1.1061589376704
"3373",2014-09-30,"Defense","DLA","No history [0-3]","DLA TROOP SUPT C&T","Electronics & Communications",0
"3374",2014-09-30,"Defense","DLA","No history [0-3]","DLA TROOP SUPT C&T","FRS&C",0.0061195182813
"3375",2014-09-30,"Defense","DLA","No history [0-3]","DLA TROOP SUPT C&T","Other",0.018626655849
"3376",2014-09-30,"Defense","DLA","No history [0-3]","DLA TROOP SUPT MED","Clothing & Subsistence",4.5830371457278
"3377",2014-09-30,"Defense","DLA","No history [0-3]","DLA TROOP SUPT MED","Electronics & Communications",1.8061e-05
"3378",2014-09-30,"Defense","DLA","No history [0-3]","DLA TROOP SUPT MED","Engines & Power Plants",5.67846201e-05
"3379",2014-09-30,"Defense","DLA","No history [0-3]","DLA TROOP SUPT MED","Fuels",0.0004243370077
"3380",2014-09-30,"Defense","DLA","No history [0-3]","DLA TROOP SUPT MED","Ground Vehicles",3.94603e-06
"3381",2014-09-30,"Defense","DLA","No history [0-3]","DLA TROOP SUPT MED","Other",0.0068265311256
"3382",2014-09-30,"Defense","DLA","No history [0-3]","DLA TROOP SUPT MED","PAMS",6.114e-05
"3383",2014-09-30,"Defense","DLA","No history [0-3]","DLA TROOP SUPT MED","Ships",0.0003265124737
"3384",2014-09-30,"Defense","DLA","No history [0-3]","DLA TROOP SUPT SUB","Clothing & Subsistence",2.0406933660079
"3385",2014-09-30,"Defense","DLA","No history [0-3]","DLA TROOP SUPT SUB","FRS&C",0.0001366449209
"3386",2014-09-30,"Defense","DLA","No history [0-3]","DLA TROOP SUPT SUB","Other",0.0230095508202
"3387",2014-09-30,"Defense","DLA","No history [0-3]","Uncategorized","Clothing & Subsistence",0
"3388",2014-09-30,"Defense","DLA","No history [0-3]","Uncategorized","Other",0
