"","Fiscal.Year","ProductOrServiceArea","SubCustomer","Customer","ProductOrServiceCode","ProductOrServiceCodeText","MaxOfPSCscore","MaxOfIsOnlyOneSource","MaxOfIsSingleAward","LengthScore","PricingScore","MaxOfIsOfficialPBL","MaxOfIsPerformanceBasedLogistics","Action.Obligation","SubCustomer.sum","SubCustomer.detail","SubCustomer.component","Subcustomer.Obsolete","ServicesCategory.detail","ServicesCategory.sum","ProductsCategory.detail","ProductOrServicesCategory.Graph","Deflator.2013","Deflator.2012","Deflator.2011","Deflator.2005","Deflator.2014","Obligation.2013","Obligation.2014","LogOfAction.Obligation","Graph","pObligation","pObligationLS","LengthSingleScore","JointScore","AddressCat","pObligationA"
"26653",2013-09-30,"Fuels","Navy","Defense","9130","LIQUID PROPELLANTS -PETROLEUM BASE",0,0,0,0,0,"Not PBL","Not PBL",0,"Navy","Navy","Navy",FALSE,"Fuels","Products (All)","Fuels",TRUE,1,1.020164046,1.043797535,1.194,0.9847,0,0,0,TRUE,0,0,0,0,"No history [0-3]",0
"27327",2014-09-30,"Fuels","Army","Defense","9130","LIQUID PROPELLANTS -PETROLEUM BASE",0,0,0,0,0,"Not PBL","Not PBL",24286.5,"Army","Army","Army",FALSE,"Fuels","Products (All)","Fuels",TRUE,1.021440536,1.04203691,1.066177113,1.2196,1,2.37767144968682e-05,2.42865e-05,4.38536493184056,TRUE,7.9189681735702e-09,1.37826852816435e-08,0,0,"No history [0-3]",1.14089905950414e-08
"27328",2014-09-30,"Fuels","Army","Defense","9135","LIQUID PROPELLANT FUELS AND OXIDIZERS, CHEMICAL BASE",0,0,0,0,0,"Not PBL","Not PBL",0,"Army","Army","Army",FALSE,"Fuels","Products (All)","Fuels",TRUE,1.021440536,1.04203691,1.066177113,1.2196,1,0,0,0,TRUE,0,0,0,0,"No history [0-3]",0
"27929",2013-09-30,"Fuels","Air Force","Defense","9140","FUEL OILS",0,0,0,0,0,"Not PBL","Not PBL",0,"Air Force","Air Force","Air Force",FALSE,"Fuels","Products (All)","Fuels",TRUE,1,1.020164046,1.043797535,1.194,0.9847,0,0,0,TRUE,0,0,0,0,"No history [0-3]",0
"28234",2014-09-30,"Fuels","Air Force","Defense","9130","LIQUID PROPELLANTS -PETROLEUM BASE",0,0,0,0,0,"Not PBL","Not PBL",0,"Air Force","Air Force","Air Force",FALSE,"Fuels","Products (All)","Fuels",TRUE,1.021440536,1.04203691,1.066177113,1.2196,1,0,0,0,TRUE,0,0,0,0,"No history [0-3]",0
"28553",2014-09-30,"Fuels","Army","Defense","9110","FUELS, SOLID",0,0,0,0,0,"Not PBL","Not PBL",0,"Army","Army","Army",FALSE,"Fuels","Products (All)","Fuels",TRUE,1.021440536,1.04203691,1.066177113,1.2196,1,0,0,0,TRUE,0,0,0,0,"No history [0-3]",0
"28879",2013-09-30,"Fuels","Air Force","Defense","9130","LIQUID PROPELLANTS -PETROLEUM BASE",0,0,0,0,0,"Not PBL","Not PBL",0,"Air Force","Air Force","Air Force",FALSE,"Fuels","Products (All)","Fuels",TRUE,1,1.020164046,1.043797535,1.194,0.9847,0,0,0,TRUE,0,0,0,0,"No history [0-3]",0
"28909",2013-09-30,"Fuels","Army","Defense","9130","LIQUID PROPELLANTS -PETROLEUM BASE",0,0,0,0,0,"Not PBL","Not PBL",0,"Army","Army","Army",FALSE,"Fuels","Products (All)","Fuels",TRUE,1,1.020164046,1.043797535,1.194,0.9847,0,0,0,TRUE,0,0,0,0,"No history [0-3]",0
"28932",2014-09-30,"Fuels","Navy","Defense","9130","LIQUID PROPELLANTS -PETROLEUM BASE",0,0,0,0,0,"Not PBL","Not PBL",0,"Navy","Navy","Navy",FALSE,"Fuels","Products (All)","Fuels",TRUE,1.021440536,1.04203691,1.066177113,1.2196,1,0,0,0,TRUE,0,0,0,0,"No history [0-3]",0
"29081",2013-09-30,"Fuels","Army","Defense","9140","FUEL OILS",0,0,0,0,0,"Not PBL","Not PBL",0,"Army","Army","Army",FALSE,"Fuels","Products (All)","Fuels",TRUE,1,1.020164046,1.043797535,1.194,0.9847,0,0,0,TRUE,0,0,0,0,"No history [0-3]",0
"29498",2013-09-30,"Fuels","Air Force","Defense","9110","FUELS, SOLID",0,0,0,0,0,"Not PBL","Not PBL",0,"Air Force","Air Force","Air Force",FALSE,"Fuels","Products (All)","Fuels",TRUE,1,1.020164046,1.043797535,1.194,0.9847,0,0,0,TRUE,0,0,0,0,"No history [0-3]",0
"29550",2014-09-30,"Fuels","Army","Defense","9140","FUEL OILS",0,0,0,0,0,"Not PBL","Not PBL",0,"Army","Army","Army",FALSE,"Fuels","Products (All)","Fuels",TRUE,1.021440536,1.04203691,1.066177113,1.2196,1,0,0,0,TRUE,0,0,0,0,"No history [0-3]",0
"29551",2014-09-30,"Fuels","Army","Defense","9150","OIL & GREASE-CUT,LUBR & HYDRAULIC",0,0,0,0,0,"Not PBL","Not PBL",0,"Army","Army","Army",FALSE,"Fuels","Products (All)","Fuels",TRUE,1.021440536,1.04203691,1.066177113,1.2196,1,0,0,0,TRUE,0,0,0,0,"No history [0-3]",0
"29552",2014-09-30,"Fuels","Army","Defense","9160","MISCELLANEOUS WAXES, OILS, AND FATS",0,0,0,0,0,"Not PBL","Not PBL",0,"Army","Army","Army",FALSE,"Fuels","Products (All)","Fuels",TRUE,1.021440536,1.04203691,1.066177113,1.2196,1,0,0,0,TRUE,0,0,0,0,"No history [0-3]",0
"29851",2014-09-30,"Fuels","Air Force","Defense","9140","FUEL OILS",0,0,0,0,0,"Not PBL","Not PBL",0,"Air Force","Air Force","Air Force",FALSE,"Fuels","Products (All)","Fuels",TRUE,1.021440536,1.04203691,1.066177113,1.2196,1,0,0,0,TRUE,0,0,0,0,"No history [0-3]",0
"34632",2014-09-30,"Fuels","Navy","Defense","9110","FUELS, SOLID",0,1,0,0,0,"Not PBL","Not PBL",273836,"Navy","Navy","Navy",FALSE,"Fuels","Products (All)","Fuels",TRUE,1.021440536,1.04203691,1.066177113,1.2196,1,0.000268088048544022,0.000273836,5.43749054231367,TRUE,8.9288228801094e-08,1.55403018416986e-07,0,2,"No history [0-3]",1.2863905250175e-07
"34711",2013-09-30,"Fuels","Navy","Defense","9110","FUELS, SOLID",0,1,0,0,0,"Not PBL","Not PBL",67410,"Navy","Navy","Navy",FALSE,"Fuels","Products (All)","Fuels",TRUE,1,1.020164046,1.043797535,1.194,0.9847,6.741e-05,6.84573981923429e-05,4.82872432713879,TRUE,2.2321534907483e-08,3.88498455720344e-08,0,2,"No history [0-3]",3.21590106494325e-08
"89263",2013-09-30,"Fuels","Air Force","Defense","9140","FUEL OILS",0,0,0,0,2,"Not PBL","Not PBL",412542.8436,"Air Force","Air Force","Air Force",FALSE,"Fuels","Products (All)","Fuels",TRUE,1,1.020164046,1.043797535,1.194,0.9847,0.0004125428436,0.000418952821773129,5.61546905778983,TRUE,1.36605688833254e-07,2.37757391569618e-07,0,2,"No history [0-3]",1.96810112752998e-07
"89264",2013-09-30,"Fuels","Air Force","Defense","9150","OIL & GREASE-CUT,LUBR & HYDRAULIC",0,0,0,0,2,"Not PBL","Not PBL",76422.1991,"Air Force","Air Force","Air Force",FALSE,"Fuels","Products (All)","Fuels",TRUE,1,1.020164046,1.043797535,1.194,0.9847,7.64221991e-05,7.76096263836702e-05,4.883219530647,TRUE,2.53057526319131e-08,4.40437714480087e-08,0,2,"No history [0-3]",3.64584233008449e-08
"89265",2013-09-30,"Fuels","Air Force","Defense","9160","MISCELLANEOUS WAXES, OILS, AND FATS",0,0,0,0,2,"Not PBL","Not PBL",259039.7578,"Air Force","Air Force","Air Force",FALSE,"Fuels","Products (All)","Fuels",TRUE,1,1.020164046,1.043797535,1.194,0.9847,0.0002590397578,0.000263064646897532,5.41336642534779,TRUE,8.57760717424511e-08,1.49290232718398e-07,0,2,"No history [0-3]",1.23579028774909e-07
"90170",2013-09-30,"Fuels","Army","Defense","9110","FUELS, SOLID",0,0,0,0,2,"Not PBL","Not PBL",269118.5579,"Army","Army","Army",FALSE,"Fuels","Products (All)","Fuels",TRUE,1,1.020164046,1.043797535,1.194,0.9847,0.0002691185579,0.000273300048644257,5.42994364691155,TRUE,8.91134740308014e-08,1.55098863892354e-07,0,2,"No history [0-3]",1.2838728036591e-07
"90171",2013-09-30,"Fuels","Army","Defense","9150","OIL & GREASE-CUT,LUBR & HYDRAULIC",0,0,0,0,2,"Not PBL","Not PBL",1901053.4692,"Army","Army","Army",FALSE,"Fuels","Products (All)","Fuels",TRUE,1,1.020164046,1.043797535,1.194,0.9847,0.0019010534692,0.00193059151944755,6.27899433204269,TRUE,6.29497572670811e-07,1.09561836081591e-06,0,2,"No history [0-3]",9.06927737147952e-07
"91246",2013-09-30,"Fuels","Army","Defense","9130","LIQUID PROPELLANTS -PETROLEUM BASE",0,0,0,0,2,"Not PBL","Not PBL",9106254.1796,"Army","Army","Army",FALSE,"Fuels","Products (All)","Fuels",TRUE,1,1.020164046,1.043797535,1.194,0.9847,0.0091062541796,0.00924774467309841,6.95933976844714,TRUE,3.01536226889711e-06,5.24813185902911e-06,0,2,"No history [0-3]",4.34428312028179e-06
"91247",2013-09-30,"Fuels","Army","Defense","9135","LIQUID PROPELLANT FUELS AND OXIDIZERS, CHEMICAL BASE",0,0,0,0,2,"Not PBL","Not PBL",61260.9712,"Army","Army","Army",FALSE,"Fuels","Products (All)","Fuels",TRUE,1,1.020164046,1.043797535,1.194,0.9847,6.12609712e-05,6.22128274601401e-05,4.78718387760698,TRUE,2.02854013812062e-08,3.53060268611904e-08,0,2,"No history [0-3]",2.92255188431298e-08
"91532",2013-09-30,"Fuels","DLA","Defense","9110","FUELS, SOLID",0,0,0,0,2,"Not PBL","Not PBL",247905.8606,"Other DoD","DLA","DLA",FALSE,"Fuels","Products (All)","Fuels",TRUE,1,1.020164046,1.043797535,1.194,0.9847,0.0002479058606,0.00025175775423987,5.39428679379547,TRUE,8.20892941871014e-08,1.42873526193625e-07,0,2,"No history [0-3]",1.18267426362441e-07
"91533",2013-09-30,"Fuels","DLA","Defense","9150","OIL & GREASE-CUT,LUBR & HYDRAULIC",0,0,0,0,2,"Not PBL","Not PBL",-758576.3387,"Other DoD","DLA","DLA",FALSE,"Fuels","Products (All)","Fuels",TRUE,1,1.020164046,1.043797535,1.194,0.9847,-0.0007585763387,-0.000770362890931248,NA,TRUE,-2.51188076313346e-07,-4.37184002567783e-07,0,2,"No history [0-3]",-3.6189088495269e-07
"92493",2013-09-30,"Fuels","DLA","Defense","9130","LIQUID PROPELLANTS -PETROLEUM BASE",0,0,0,0,2,"Not PBL","Not PBL",4332657.9216,"Other DoD","DLA","DLA",FALSE,"Fuels","Products (All)","Fuels",TRUE,1,1.020164046,1.043797535,1.194,0.9847,0.0043326579216,0.00439997757855184,6.63675440132929,TRUE,1.43467697729086e-06,2.49700476443571e-06,0,2,"No history [0-3]",2.06696324345175e-06
"92494",2013-09-30,"Fuels","DLA","Defense","9135","LIQUID PROPELLANT FUELS AND OXIDIZERS, CHEMICAL BASE",0,0,0,0,2,"Not PBL","Not PBL",1342492.8096,"Other DoD","DLA","DLA",FALSE,"Fuels","Products (All)","Fuels",TRUE,1,1.020164046,1.043797535,1.194,0.9847,0.0013424928096,0.00136335209667919,6.12791196829382,TRUE,4.4454087097658e-07,7.73707733786182e-07,0,2,"No history [0-3]",6.40457507205355e-07
"93238",2013-09-30,"Fuels","Navy","Defense","9140","FUEL OILS",0,0,0,0,2,"Not PBL","Not PBL",1751934.054,"Navy","Navy","Navy",FALSE,"Fuels","Products (All)","Fuels",TRUE,1,1.020164046,1.043797535,1.194,0.9847,0.001751934054,0.00177915512744998,6.24351775450162,TRUE,5.80119524432119e-07,1.00967760644249e-06,0,2,"No history [0-3]",8.35787952821384e-07
"93239",2013-09-30,"Fuels","Navy","Defense","9160","MISCELLANEOUS WAXES, OILS, AND FATS",0,0,0,0,2,"Not PBL","Not PBL",12733.0003,"Navy","Navy","Navy",FALSE,"Fuels","Products (All)","Fuels",TRUE,1,1.020164046,1.043797535,1.194,0.9847,1.27330003e-05,1.29308421854372e-05,4.10493074931008,TRUE,4.21629002630828e-09,7.338304336503e-09,0,2,"No history [0-3]",6.07447993245701e-09
"94503",2014-09-30,"Fuels","Air Force","Defense","9110","FUELS, SOLID",0,0,0,0,2,"Not PBL","Not PBL",72038.3095,"Air Force","Air Force","Air Force",FALSE,"Fuels","Products (All)","Fuels",TRUE,1.021440536,1.04203691,1.066177113,1.2196,1,7.05261901804923e-05,7.20383095e-05,4.85756351281718,TRUE,2.34891433598213e-08,4.08820269721915e-08,0,2,"No history [0-3]",3.38412037785675e-08
"94504",2014-09-30,"Fuels","Air Force","Defense","9150","OIL & GREASE-CUT,LUBR & HYDRAULIC",0,0,0,0,2,"Not PBL","Not PBL",180335.4201,"Air Force","Air Force","Air Force",FALSE,"Fuels","Products (All)","Fuels",TRUE,1.021440536,1.04203691,1.066177113,1.2196,1,0.000176550091507236,0.0001803354201,5.25608103589155,TRUE,5.88009985934289e-08,1.02341067686627e-07,0,2,"No history [0-3]",8.47155873375635e-08
"95120",2014-09-30,"Fuels","Army","Defense","9140","FUEL OILS",0,0,0,0,2,"Not PBL","Not PBL",43423942.6182,"Army","Army","Army",FALSE,"Fuels","Products (All)","Fuels",TRUE,1.021440536,1.04203691,1.066177113,1.2196,1,0.0425124528425803,0.0434239426182,7.63772925208927,TRUE,1.41590109552412e-05,2.46432600331376e-05,0,2,"No history [0-3]",2.03991251489783e-05
"95121",2014-09-30,"Fuels","Army","Defense","9160","MISCELLANEOUS WAXES, OILS, AND FATS",0,0,0,0,2,"Not PBL","Not PBL",38033.4306,"Army","Army","Army",FALSE,"Fuels","Products (All)","Fuels",TRUE,1.021440536,1.04203691,1.066177113,1.2196,1,3.72350903058345e-05,3.80334306e-05,4.58016550036435,TRUE,1.24013557512647e-08,2.15841230371206e-08,0,2,"No history [0-3]",1.78668417438725e-08
"96363",2013-09-30,"Fuels","Air Force","Defense","9130","LIQUID PROPELLANTS -PETROLEUM BASE",0,0,0,0,2,"Not PBL","Not PBL",498628.7697,"Air Force","Air Force","Air Force",FALSE,"Fuels","Products (All)","Fuels",TRUE,1,1.020164046,1.043797535,1.194,0.9847,0.0004986287697,0.000506376327510917,5.69777733265451,TRUE,1.6511140021857e-07,2.87370578558352e-07,0,2,"No history [0-3]",2.37878770433107e-07
"96364",2013-09-30,"Fuels","Air Force","Defense","9135","LIQUID PROPELLANT FUELS AND OXIDIZERS, CHEMICAL BASE",0,0,0,0,2,"Not PBL","Not PBL",9999.4297,"Air Force","Air Force","Air Force",FALSE,"Fuels","Products (All)","Fuels",TRUE,1,1.020164046,1.043797535,1.194,0.9847,9.9994297e-06,1.01547981110998e-05,3.99997523147942,TRUE,3.31112029525993e-09,5.76288829036365e-09,0,2,"No history [0-3]",4.77038668165779e-09
"97586",2014-09-30,"Fuels","DLA","Defense","9160","MISCELLANEOUS WAXES, OILS, AND FATS",0,0,0,0,2,"Not PBL","Not PBL",298778.3613,"Other DoD","DLA","DLA",FALSE,"Fuels","Products (All)","Fuels",TRUE,1.021440536,1.04203691,1.066177113,1.2196,1,0.000292506857491702,0.0002987783613,5.47534914097368,TRUE,9.74210501342786e-08,1.69557907593234e-07,0,2,"No history [0-3]",1.40356144939517e-07
"98607",2013-09-30,"Fuels","Other DoD","Defense","9150","OIL & GREASE-CUT,LUBR & HYDRAULIC",0,0,0,0,2,"Not PBL","Not PBL",13576.04,"Other DoD","Other DoD","Additional
DoD
Components",FALSE,"Fuels","Products (All)","Fuels",TRUE,1,1.020164046,1.043797535,1.194,0.9847,1.357604e-05,1.3786980806337e-05,4.13277310890255,TRUE,4.49544653264182e-09,7.82416640676104e-09,0,2,"No history [0-3]",6.47666540479338e-09
"98964",2014-09-30,"Fuels","Air Force","Defense","9140","FUEL OILS",0,0,0,0,2,"Not PBL","Not PBL",1147702.5036,"Air Force","Air Force","Air Force",FALSE,"Fuels","Products (All)","Fuels",TRUE,1.021440536,1.04203691,1.066177113,1.2196,1,0.00112361166719939,0.0011477025036,6.05982932901266,TRUE,3.74225170310058e-07,6.51325732570487e-07,0,2,"No history [0-3]",5.39152494986015e-07
"98965",2014-09-30,"Fuels","Air Force","Defense","9160","MISCELLANEOUS WAXES, OILS, AND FATS",0,0,0,0,2,"Not PBL","Not PBL",556472.958,"Air Force","Air Force","Air Force",FALSE,"Fuels","Products (All)","Fuels",TRUE,1.021440536,1.04203691,1.066177113,1.2196,1,0.000544792318678843,0.000556472958,5.74544406448972,TRUE,1.81446138548348e-07,3.15800615480173e-07,0,2,"No history [0-3]",2.61412502592669e-07
"99078",2013-09-30,"Fuels","Navy","Defense","9110","FUELS, SOLID",0,0,0,0,2,"Not PBL","Not PBL",489105.14,"Navy","Navy","Navy",FALSE,"Fuels","Products (All)","Fuels",TRUE,1,1.020164046,1.043797535,1.194,0.9847,0.00048910514,0.000496704722250432,5.68940222684072,TRUE,1.61957832012155e-07,2.8188190413126e-07,0,2,"No history [0-3]",2.33335371694885e-07
"99079",2013-09-30,"Fuels","Navy","Defense","9150","OIL & GREASE-CUT,LUBR & HYDRAULIC",0,0,0,0,2,"Not PBL","Not PBL",714853.9563,"Navy","Navy","Navy",FALSE,"Fuels","Products (All)","Fuels",TRUE,1,1.020164046,1.043797535,1.194,0.9847,0.0007148539563,0.000725961162079821,5.85421732508569,TRUE,2.36710243870386e-07,4.11985844960878e-07,0,2,"No history [0-3]",3.41032428325777e-07
"99364",2014-09-30,"Fuels","Army","Defense","9110","FUELS, SOLID",0,0,0,0,2,"Not PBL","Not PBL",280188.3194,"Army","Army","Army",FALSE,"Fuels","Products (All)","Fuels",TRUE,1.021440536,1.04203691,1.066177113,1.2196,1,0.000274307029655616,0.0002801883194,5.44745002628929,TRUE,9.13594953548153e-08,1.59007984925074e-07,0,2,"No history [0-3]",1.31623161051409e-07
"99365",2014-09-30,"Fuels","Army","Defense","9150","OIL & GREASE-CUT,LUBR & HYDRAULIC",0,0,0,0,2,"Not PBL","Not PBL",2297496.9208,"Army","Army","Army",FALSE,"Fuels","Products (All)","Fuels",TRUE,1.021440536,1.04203691,1.066177113,1.2196,1,0.00224927133771006,0.0022974969208,6.36125493799919,TRUE,7.49132439614219e-07,1.30383863442371e-06,0,2,"No history [0-3]",1.07928770146146e-06
"99744",2014-09-30,"Fuels","Air Force","Defense","9130","LIQUID PROPELLANTS -PETROLEUM BASE",0,0,0,0,2,"Not PBL","Not PBL",1031422.1458,"Air Force","Air Force","Air Force",FALSE,"Fuels","Products (All)","Fuels",TRUE,1.021440536,1.04203691,1.066177113,1.2196,1,0.00100977209093257,0.0010314221458,6.01343645196451,TRUE,3.36310260684153e-07,5.85336167339008e-07,0,2,"No history [0-3]",4.84527847196986e-07
"99745",2014-09-30,"Fuels","Air Force","Defense","9135","LIQUID PROPELLANT FUELS AND OXIDIZERS, CHEMICAL BASE",0,0,0,0,2,"Not PBL","Not PBL",3503.2,"Air Force","Air Force","Air Force",FALSE,"Fuels","Products (All)","Fuels",TRUE,1.021440536,1.04203691,1.066177113,1.2196,1,3.42966612008435e-06,3.5032e-06,3.54446493218407,TRUE,1.14226954504153e-09,1.9880799241823e-09,0,2,"No history [0-3]",1.64568693935104e-09
"99809",2013-09-30,"Fuels","MilitaryHealth","Defense","9140","FUEL OILS",0,0,0,0,2,"Not PBL","Not PBL",1825000,"Other DoD","Other DoD","Military
Health",FALSE,"Fuels","Products (All)","Fuels",TRUE,1,1.020164046,1.043797535,1.194,0.9847,0.001825,0.00185335635218848,6.26126286879249,TRUE,6.04313917907675e-07,1.05178709640948e-06,0,2,"No history [0-3]",8.70645222299575e-07
"100414",2014-09-30,"Fuels","Other DoD","Defense","9140","FUEL OILS",0,0,0,0,2,"Not PBL","Not PBL",0,"Other DoD","Other DoD","Additional
DoD
Components",FALSE,"Fuels","Products (All)","Fuels",TRUE,1.021440536,1.04203691,1.066177113,1.2196,1,0,0,0,TRUE,0,0,0,2,"No history [0-3]",0
"101284",2013-09-30,"Fuels","Air Force","Defense","9110","FUELS, SOLID",0,0,0,0,2,"Not PBL","Not PBL",-14696.6899,"Air Force","Air Force","Air Force",FALSE,"Fuels","Products (All)","Fuels",TRUE,1,1.020164046,1.043797535,1.194,0.9847,-1.46966899e-05,-1.49250430587996e-05,NA,TRUE,-4.86652835821543e-09,-8.47002125849395e-09,0,2,"No history [0-3]",-7.01128923016625e-09
"101752",2014-09-30,"Fuels","DLA","Defense","9110","FUELS, SOLID",0,0,0,0,2,"Not PBL","Not PBL",274524.5904,"Other DoD","DLA","DLA",FALSE,"Fuels","Products (All)","Fuels",TRUE,1.021440536,1.04203691,1.066177113,1.2196,1,0.000268762185095031,0.0002745245904,5.43858125223496,TRUE,8.95127537619663e-08,1.55793796205929e-07,0,2,"No history [0-3]",1.28962529387981e-07
"101753",2014-09-30,"Fuels","DLA","Defense","9140","FUEL OILS",0,0,0,0,2,"Not PBL","Not PBL",139798622.1174,"Other DoD","DLA","DLA",FALSE,"Fuels","Products (All)","Fuels",TRUE,1.021440536,1.04203691,1.066177113,1.2196,1,0.136864180723488,0.1397986221174,8.14550289093928,TRUE,4.55833833305193e-05,7.93362737097372e-05,0,2,"No history [0-3]",6.56727467908987e-05
"101754",2014-09-30,"Fuels","DLA","Defense","9150","OIL & GREASE-CUT,LUBR & HYDRAULIC",0,0,0,0,2,"Not PBL","Not PBL",137655.8698,"Other DoD","DLA","DLA",FALSE,"Fuels","Products (All)","Fuels",TRUE,1.021440536,1.04203691,1.066177113,1.2196,1,0.000134766405824333,0.0001376558698,5.13879473492585,TRUE,4.48847076298076e-08,7.81202532528069e-08,0,2,"No history [0-3]",6.466615296154e-08
"102101",2014-09-30,"Fuels","Army","Defense","9130","LIQUID PROPELLANTS -PETROLEUM BASE",0,0,0,0,2,"Not PBL","Not PBL",5651565.5919,"Army","Army","Army",FALSE,"Fuels","Products (All)","Fuels",TRUE,1.021440536,1.04203691,1.066177113,1.2196,1,0.00553293646836432,0.0056515655919,6.75216877237481,TRUE,1.84277553591915e-06,3.20728593670241e-06,0,2,"No history [0-3]",2.65491769852579e-06
"102102",2014-09-30,"Fuels","Army","Defense","9135","LIQUID PROPELLANT FUELS AND OXIDIZERS, CHEMICAL BASE",0,0,0,0,2,"Not PBL","Not PBL",28956.9702,"Army","Army","Army",FALSE,"Fuels","Products (All)","Fuels",TRUE,1.021440536,1.04203691,1.066177113,1.2196,1,2.83491492450423e-05,2.89569702e-05,4.46175311918751,TRUE,9.44184322223542e-09,1.64331956838791e-08,0,2,"No history [0-3]",1.36030222828606e-08
"102110",2013-09-30,"Fuels","Army","Defense","9140","FUEL OILS",0,0,0,0,2,"Not PBL","Not PBL",398725534.7552,"Army","Army","Army",FALSE,"Fuels","Products (All)","Fuels",TRUE,1,1.020164046,1.043797535,1.194,0.9847,0.3987255347552,0.404920823352493,8.60067404917676,TRUE,0.000132030350727533,0.00022979417669287,0,2,"No history [0-3]",0.000190218346215593
"102111",2013-09-30,"Fuels","Army","Defense","9160","MISCELLANEOUS WAXES, OILS, AND FATS",0,0,0,0,2,"Not PBL","Not PBL",781041.1122,"Army","Army","Army",FALSE,"Fuels","Products (All)","Fuels",TRUE,1,1.020164046,1.043797535,1.194,0.9847,0.0007810411122,0.000793176715954098,5.89267389473732,TRUE,2.58626857293452e-07,4.50130938946447e-07,0,2,"No history [0-3]",3.7260806178437e-07
"103160",2014-09-30,"Fuels","Navy","Defense","9130","LIQUID PROPELLANTS -PETROLEUM BASE",0,0,0,0,2,"Not PBL","Not PBL",2475957.9357,"Navy","Navy","Navy",FALSE,"Fuels","Products (All)","Fuels",TRUE,1.021440536,1.04203691,1.066177113,1.2196,1,0.00242398636869841,0.0024759579357,6.39374326213784,TRUE,8.07322261005368e-07,1.40511596970913e-06,0,2,"No history [0-3]",1.16312275552753e-06
"103161",2014-09-30,"Fuels","Navy","Defense","9135","LIQUID PROPELLANT FUELS AND OXIDIZERS, CHEMICAL BASE",0,0,0,0,2,"Not PBL","Not PBL",2003.04,"Navy","Navy","Navy",FALSE,"Fuels","Products (All)","Fuels",TRUE,1.021440536,1.04203691,1.066177113,1.2196,1,1.96099521157049e-06,2.00304e-06,3.3016896220873,TRUE,6.53120458295269e-10,1.13673316149067e-09,0,2,"No history [0-3]",9.40961625655887e-10
"103625",2013-09-30,"Fuels","DLA","Defense","9140","FUEL OILS",0,0,0,0,2,"Not PBL","Not PBL",36875627.2318,"Other DoD","DLA","DLA",FALSE,"Fuels","Products (All)","Fuels",TRUE,1,1.020164046,1.043797535,1.194,0.9847,0.0368756272318,0.0374485906690363,7.56673941613179,TRUE,1.22106601467134e-05,2.12522240517332e-05,0,2,"No history [0-3]",1.75921033800914e-05
"103626",2013-09-30,"Fuels","DLA","Defense","9160","MISCELLANEOUS WAXES, OILS, AND FATS",0,0,0,0,2,"Not PBL","Not PBL",740395.1804,"Other DoD","DLA","DLA",FALSE,"Fuels","Products (All)","Fuels",TRUE,1,1.020164046,1.043797535,1.194,0.9847,0.0007403951804,0.00075189923875292,5.86946358305156,TRUE,2.45167732749306e-07,4.26705806569033e-07,0,2,"No history [0-3]",3.53217274755557e-07
"103744",2014-09-30,"Fuels","DLA","Defense","9135","LIQUID PROPELLANT FUELS AND OXIDIZERS, CHEMICAL BASE",0,0,0,0,2,"Not PBL","Not PBL",2217210.8724,"Other DoD","DLA","DLA",FALSE,"Fuels","Products (All)","Fuels",TRUE,1.021440536,1.04203691,1.066177113,1.2196,1,0.00217067053269952,0.0022172108724,6.34580699954867,TRUE,7.22954000478843e-07,1.25827598284345e-06,0,2,"No history [0-3]",1.04157198404196e-06
"104214",2013-09-30,"Fuels","Other DoD","Defense","9110","FUELS, SOLID",0,0,0,0,2,"Not PBL","Not PBL",3847.5,"Other DoD","Other DoD","Additional
DoD
Components",FALSE,"Fuels","Products (All)","Fuels",TRUE,1,1.020164046,1.043797535,1.194,0.9847,3.8475e-06,3.90728140550421e-06,3.58517862850352,TRUE,1.27402619131495e-09,2.21739772790984e-09,0,2,"No history [0-3]",1.8355109549576e-09
"105849",2013-09-30,"Fuels","Navy","Defense","9130","LIQUID PROPELLANTS -PETROLEUM BASE",0,0,0,0,2,"Not PBL","Not PBL",2755323.5739,"Navy","Navy","Navy",FALSE,"Fuels","Products (All)","Fuels",TRUE,1,1.020164046,1.043797535,1.194,0.9847,0.0027553235739,0.00279813504001219,6.44017260794552,TRUE,9.12372813176377e-07,1.58795275696485e-06,0,2,"No history [0-3]",1.31447085233174e-06
"105850",2013-09-30,"Fuels","Navy","Defense","9135","LIQUID PROPELLANT FUELS AND OXIDIZERS, CHEMICAL BASE",0,0,0,0,2,"Not PBL","Not PBL",45221.5586,"Navy","Navy","Navy",FALSE,"Fuels","Products (All)","Fuels",TRUE,1,1.020164046,1.043797535,1.194,0.9847,4.52215586e-05,4.5924198842287e-05,4.65534552660099,TRUE,1.49742560281959e-08,2.60621653780849e-08,0,2,"No history [0-3]",2.15736624328933e-08
"107050",2014-09-30,"Fuels","DLA","Defense","9130","LIQUID PROPELLANTS -PETROLEUM BASE",0,0,0,0,2,"Not PBL","Not PBL",324637295.3197,"Other DoD","DLA","DLA",FALSE,"Fuels","Products (All)","Fuels",TRUE,1.021440536,1.04203691,1.066177113,1.2196,1,0.317822999849793,0.3246372953197,8.51139841142713,TRUE,0.00010585273339471,0.000184232955431017,0,2,"No history [0-3]",0.000152503812780851
"107166",2014-09-30,"Fuels","Navy","Defense","9140","FUEL OILS",0,0,0,0,2,"Not PBL","Not PBL",1250833.5932,"Navy","Navy","Navy",FALSE,"Fuels","Products (All)","Fuels",TRUE,1.021440536,1.04203691,1.066177113,1.2196,1,0.00122457798483141,0.0012508335932,6.09719953642241,TRUE,4.07852568916198e-07,7.09853035834019e-07,0,2,"No history [0-3]",5.87600053559822e-07
"107167",2014-09-30,"Fuels","Navy","Defense","9160","MISCELLANEOUS WAXES, OILS, AND FATS",0,0,0,0,2,"Not PBL","Not PBL",30094.4004,"Navy","Navy","Navy",FALSE,"Fuels","Products (All)","Fuels",TRUE,1.021440536,1.04203691,1.066177113,1.2196,1,2.9462704229314e-05,3.00944004e-05,4.47848569487578,TRUE,9.8127189578687e-09,1.70786918433272e-08,0,2,"No history [0-3]",1.41373491909913e-08
"107240",2014-09-30,"Fuels","Navy","Defense","9110","FUELS, SOLID",0,0,0,0,2,"Not PBL","Not PBL",120740.3535,"Navy","Navy","Navy",FALSE,"Fuels","Products (All)","Fuels",TRUE,1.021440536,1.04203691,1.066177113,1.2196,1,0.000118205954477608,0.0001207403535,5.08185244303373,TRUE,3.93691563886157e-08,6.85206305183902e-08,0,2,"No history [0-3]",5.67198055513751e-08
"107241",2014-09-30,"Fuels","Navy","Defense","9150","OIL & GREASE-CUT,LUBR & HYDRAULIC",0,0,0,0,2,"Not PBL","Not PBL",624876.9532,"Navy","Navy","Navy",FALSE,"Fuels","Products (All)","Fuels",TRUE,1.021440536,1.04203691,1.066177113,1.2196,1,0.00061176048059248,0.0006248769532,5.7957945072524,TRUE,2.0375026062991e-07,3.54620154641792e-07,0,2,"No history [0-3]",2.93546426291022e-07
"122696",2013-09-30,"Fuels","Army","Defense","9130","LIQUID PROPELLANTS -PETROLEUM BASE",0,0,1,0,0,"Not PBL","Not PBL",0,"Army","Army","Army",FALSE,"Fuels","Products (All)","Fuels",TRUE,1,1.020164046,1.043797535,1.194,0.9847,0,0,0,TRUE,0,0,1,1,"No history [0-3]",0
"161202",2014-09-30,"Fuels","Army","Defense","9130","LIQUID PROPELLANTS -PETROLEUM BASE",0,0,1,0,2,"Not PBL","Not PBL",12441396.1262,"Army","Army","Army",FALSE,"Fuels","Products (All)","Fuels",TRUE,1.021440536,1.04203691,1.066177113,1.2196,1,0.0121802451417495,0.0124413961262,7.09486911796601,TRUE,4.05669898742747e-06,7.12664256024223e-06,1,3,"No history [0-3]",5.84455443942108e-06
"161613",2013-09-30,"Fuels","Army","Defense","9140","FUEL OILS",0,0,1,0,2,"Not PBL","Not PBL",33111397.7631,"Army","Army","Army",FALSE,"Fuels","Products (All)","Fuels",TRUE,1,1.020164046,1.043797535,1.194,0.9847,0.0331113977631,0.0336258736296334,7.51997751442734,TRUE,1.09642074025306e-05,1.92614703127748e-05,1,3,"No history [0-3]",1.57963179540295e-05
"162586",2014-09-30,"Fuels","DLA","Defense","9130","LIQUID PROPELLANTS -PETROLEUM BASE",0,0,1,0,2,"Not PBL","Not PBL",7545101352.0286,"Other DoD","DLA","DLA",FALSE,"Fuels","Products (All)","Fuels",TRUE,1.021440536,1.04203691,1.066177113,1.2196,1,7.38672598756997,7.5451013520286,9.87766507795271,TRUE,0.00246019053684458,0.004321961930259,1,3,"No history [0-3]",0.00354443787140709
"162587",2014-09-30,"Fuels","DLA","Defense","9135","LIQUID PROPELLANT FUELS AND OXIDIZERS, CHEMICAL BASE",0,0,1,0,2,"Not PBL","Not PBL",10708458.4032,"Other DoD","DLA","DLA",FALSE,"Fuels","Products (All)","Fuels",TRUE,1.021440536,1.04203691,1.066177113,1.2196,1,0.0104836826283934,0.0107084584032,7.02972695400902,TRUE,3.49164932299595e-06,6.13398646234873e-06,1,3,"No history [0-3]",5.03047788728309e-06
"162780",2014-09-30,"Fuels","Navy","Defense","9110","FUELS, SOLID",0,0,1,0,2,"Not PBL","Not PBL",3473247.7501,"Navy","Navy","Navy",FALSE,"Fuels","Products (All)","Fuels",TRUE,1.021440536,1.04203691,1.066177113,1.2196,1,0.00340034258254658,0.0034732477501,6.54073576305846,TRUE,1.13250317633114e-06,1.98953517652271e-06,1,3,"No history [0-3]",1.63161636774091e-06
"162781",2014-09-30,"Fuels","Navy","Defense","9140","FUEL OILS",0,0,1,0,2,"Not PBL","Not PBL",202785.4779,"Navy","Navy","Navy",FALSE,"Fuels","Products (All)","Fuels",TRUE,1.021440536,1.04203691,1.066177113,1.2196,1,0.0001985289116233,0.0002027854779,5.30703685059366,TRUE,6.61211679555441e-08,1.16158958588083e-07,1,3,"No history [0-3]",9.52618784169013e-08
"162782",2014-09-30,"Fuels","Navy","Defense","9150","OIL & GREASE-CUT,LUBR & HYDRAULIC",0,0,1,0,2,"Not PBL","Not PBL",16557.8398,"Navy","Navy","Navy",FALSE,"Fuels","Products (All)","Fuels",TRUE,1.021440536,1.04203691,1.066177113,1.2196,1,1.62102826512458e-05,1.65578398e-05,4.21900367640204,TRUE,5.39892559237741e-09,9.48461126286751e-09,1,3,"No history [0-3]",7.77832287700582e-09
"163950",2013-09-30,"Fuels","Navy","Defense","9150","OIL & GREASE-CUT,LUBR & HYDRAULIC",0,0,1,0,2,"Not PBL","Not PBL",11051.1701,"Navy","Navy","Navy",FALSE,"Fuels","Products (All)","Fuels",TRUE,1,1.020164046,1.043797535,1.194,0.9847,1.10511701e-05,1.12228801665482e-05,4.04340826363831,TRUE,3.65938405512063e-09,6.42865596691274e-09,1,3,"No history [0-3]",5.27213613610132e-09
"164543",2014-09-30,"Fuels","Air Force","Defense","9130","LIQUID PROPELLANTS -PETROLEUM BASE",0,0,1,0,2,"Not PBL","Not PBL",360969.2553,"Air Force","Air Force","Air Force",FALSE,"Fuels","Products (All)","Fuels",TRUE,1.021440536,1.04203691,1.066177113,1.2196,1,0.000353392334235696,0.0003609692553,5.55747021347861,TRUE,1.17699299790338e-07,2.06769307211637e-07,1,3,"No history [0-3]",1.6957136017198e-07
"164544",2014-09-30,"Fuels","Air Force","Defense","9135","LIQUID PROPELLANT FUELS AND OXIDIZERS, CHEMICAL BASE",0,0,1,0,2,"Not PBL","Not PBL",21274.4492,"Air Force","Air Force","Air Force",FALSE,"Fuels","Products (All)","Fuels",TRUE,1.021440536,1.04203691,1.066177113,1.2196,1,2.0827888115065e-05,2.12744492e-05,4.32785832492597,TRUE,6.93684500133967e-09,1.21863650651834e-08,1,3,"No history [0-3]",9.99402922765675e-09
"164840",2013-09-30,"Fuels","Air Force","Defense","9130","LIQUID PROPELLANTS -PETROLEUM BASE",0,0,1,0,2,"Not PBL","Not PBL",340923.6495,"Air Force","Air Force","Air Force",FALSE,"Fuels","Products (All)","Fuels",TRUE,1,1.020164046,1.043797535,1.194,0.9847,0.0003409236495,0.000346220828171017,5.53265712880619,TRUE,1.12890359636563e-07,1.98321158192999e-07,1,3,"No history [0-3]",1.62643039236225e-07
"164919",2014-09-30,"Fuels","Navy","Defense","9130","LIQUID PROPELLANTS -PETROLEUM BASE",0,0,1,0,2,"Not PBL","Not PBL",209304.7616,"Navy","Navy","Navy",FALSE,"Fuels","Products (All)","Fuels",TRUE,1.021440536,1.04203691,1.066177113,1.2196,1,0.000204911352372646,0.0002093047616,5.32077910847764,TRUE,6.82468756587856e-08,1.19893314781507e-07,1,3,"No history [0-3]",9.8324421246033e-08
"165187",2014-09-30,"Fuels","DLA","Defense","9110","FUELS, SOLID",0,0,1,0,2,"Not PBL","Not PBL",0,"Other DoD","DLA","DLA",FALSE,"Fuels","Products (All)","Fuels",TRUE,1.021440536,1.04203691,1.066177113,1.2196,1,0,0,0,TRUE,0,0,1,3,"No history [0-3]",0
"165279",2013-09-30,"Fuels","Army","Defense","9110","FUELS, SOLID",0,0,1,0,2,"Not PBL","Not PBL",19968907.5625,"Army","Army","Army",FALSE,"Fuels","Products (All)","Fuels",TRUE,1,1.020164046,1.043797535,1.194,0.9847,0.0199689075625,0.0202791790012186,7.30035430660553,TRUE,6.61232261119484e-06,1.16162574272922e-05,1,3,"No history [0-3]",9.52648436374382e-06
"165280",2013-09-30,"Fuels","Army","Defense","9150","OIL & GREASE-CUT,LUBR & HYDRAULIC",0,0,1,0,2,"Not PBL","Not PBL",225710.7303,"Army","Army","Army",FALSE,"Fuels","Products (All)","Fuels",TRUE,1,1.020164046,1.043797535,1.194,0.9847,0.0002257107303,0.000229217762059511,5.35355220595107,TRUE,7.47398004062442e-08,1.31299818934045e-07,1,3,"No history [0-3]",1.07678887099969e-07
"165676",2014-09-30,"Fuels","Other DoD","Defense","9130","LIQUID PROPELLANTS -PETROLEUM BASE",0,0,1,0,2,"Not PBL","Not PBL",21335.0498,"Other DoD","Other DoD","Additional
DoD
Components",FALSE,"Fuels","Products (All)","Fuels",TRUE,1.021440536,1.04203691,1.066177113,1.2196,1,2.08872166788572e-05,2.13350498e-05,4.32909366092113,TRUE,6.95660471240134e-09,1.22210781159339e-08,1,3,"No history [0-3]",1.00224973756177e-08
"165677",2014-09-30,"Fuels","Other DoD","Defense","9135","LIQUID PROPELLANT FUELS AND OXIDIZERS, CHEMICAL BASE",0,0,1,0,2,"Not PBL","Not PBL",0,"Other DoD","Other DoD","Additional
DoD
Components",FALSE,"Fuels","Products (All)","Fuels",TRUE,1.021440536,1.04203691,1.066177113,1.2196,1,0,0,0,TRUE,0,0,1,3,"No history [0-3]",0
"165704",2013-09-30,"Fuels","DLA","Defense","9130","LIQUID PROPELLANTS -PETROLEUM BASE",0,0,1,0,2,"Not PBL","Not PBL",5734727696.269,"Other DoD","DLA","DLA",FALSE,"Fuels","Products (All)","Fuels",TRUE,1,1.020164046,1.043797535,1.194,0.9847,5.734727696269,5.82383233093226,9.75851280099659,TRUE,0.00189894562315944,0.0033359898625793,1,3,"No history [0-3]",0.00273584288764145
"165812",2013-09-30,"Fuels","Navy","Defense","9130","LIQUID PROPELLANTS -PETROLEUM BASE",0,0,1,0,2,"Not PBL","Not PBL",123678.193,"Navy","Navy","Navy",FALSE,"Fuels","Products (All)","Fuels",TRUE,1,1.020164046,1.043797535,1.194,0.9847,0.000123678193,0.000125599871026709,5.09229313136191,TRUE,4.09536730803132e-08,7.19457348146723e-08,1,3,"No history [0-3]",5.90026453907368e-08
"166290",2013-09-30,"Fuels","Air Force","Defense","9110","FUELS, SOLID",0,0,1,0,2,"Not PBL","Not PBL",1760101.5301,"Air Force","Air Force","Air Force",FALSE,"Fuels","Products (All)","Fuels",TRUE,1,1.020164046,1.043797535,1.194,0.9847,0.0017601015301,0.00178744950756576,6.24553772047914,TRUE,5.82824028257548e-07,1.02388137196889e-06,1,3,"No history [0-3]",8.39684376955472e-07
"166378",2013-09-30,"Fuels","DLA","Defense","9110","FUELS, SOLID",0,0,1,0,2,"Not PBL","Not PBL",0,"Other DoD","DLA","DLA",FALSE,"Fuels","Products (All)","Fuels",TRUE,1,1.020164046,1.043797535,1.194,0.9847,0,0,0,TRUE,0,0,1,3,"No history [0-3]",0
"166379",2013-09-30,"Fuels","DLA","Defense","9140","FUEL OILS",0,0,1,0,2,"Not PBL","Not PBL",109418442.3387,"Other DoD","DLA","DLA",FALSE,"Fuels","Products (All)","Fuels",TRUE,1,1.020164046,1.043797535,1.194,0.9847,0.1094184423387,0.111118556249315,8.03909052794719,TRUE,3.62318288115369e-05,6.36505922780957e-05,1,3,"No history [0-3]",5.21998049609045e-05
"166380",2013-09-30,"Fuels","DLA","Defense","9150","OIL & GREASE-CUT,LUBR & HYDRAULIC",0,0,1,0,2,"Not PBL","Not PBL",9939249.2336,"Other DoD","DLA","DLA",FALSE,"Fuels","Products (All)","Fuels",TRUE,1,1.020164046,1.043797535,1.194,0.9847,0.0099392492336,0.0100936825770285,6.99735358097491,TRUE,3.29119268242065e-06,5.78183244977974e-06,1,3,"No history [0-3]",4.74167663478277e-06
"166408",2014-09-30,"Fuels","Army","Defense","9110","FUELS, SOLID",0,0,1,0,2,"Not PBL","Not PBL",20464087.6825,"Army","Army","Army",FALSE,"Fuels","Products (All)","Fuels",TRUE,1.021440536,1.04203691,1.066177113,1.2196,1,0.0200345364818183,0.0204640876825,7.31099238796063,TRUE,6.67261478841609e-06,1.17221762537978e-05,1,3,"No history [0-3]",9.61334831720276e-06
"166409",2014-09-30,"Fuels","Army","Defense","9140","FUEL OILS",0,0,1,0,2,"Not PBL","Not PBL",338060118.8426,"Army","Army","Army",FALSE,"Fuels","Products (All)","Fuels",TRUE,1.021440536,1.04203691,1.066177113,1.2196,1,0.330964071747589,0.3380601188426,8.52899393980397,TRUE,0.000110229441124407,0.000193646565580424,1,3,"No history [0-3]",0.0001588094091958
"166410",2014-09-30,"Fuels","Army","Defense","9150","OIL & GREASE-CUT,LUBR & HYDRAULIC",0,0,1,0,2,"Not PBL","Not PBL",145022.8095,"Army","Army","Army",FALSE,"Fuels","Products (All)","Fuels",TRUE,1.021440536,1.04203691,1.066177113,1.2196,1,0.000141978709860013,0.0001450228095,5.16143631437927,TRUE,4.72868059568993e-08,8.307152315584e-08,1,3,"No history [0-3]",6.81268964096094e-08
"166447",2013-09-30,"Fuels","Army","Defense","9130","LIQUID PROPELLANTS -PETROLEUM BASE",0,0,1,0,2,"Not PBL","Not PBL",2288649.1,"Army","Army","Army",FALSE,"Fuels","Products (All)","Fuels",TRUE,1,1.020164046,1.043797535,1.194,0.9847,0.0022886491,0.00232420950543313,6.3595792109289,TRUE,7.57842468129795e-07,1.33134659585816e-06,1,3,"No history [0-3]",1.0918363859919e-06
"166670",2013-09-30,"Fuels","Other DoD","Defense","9110","FUELS, SOLID",0,0,1,0,2,"Not PBL","Not PBL",1538845.3349,"Other DoD","Other DoD","Additional
DoD
Components",FALSE,"Fuels","Products (All)","Fuels",TRUE,1,1.020164046,1.043797535,1.194,0.9847,0.0015388453349,0.00156275549395755,6.18719497228443,TRUE,5.09559262130065e-07,8.95172832817108e-07,1,3,"No history [0-3]",7.34130596541739e-07
"166733",2014-09-30,"Fuels","Air Force","Defense","9140","FUEL OILS",0,0,1,0,2,"Not PBL","Not PBL",0,"Air Force","Air Force","Air Force",FALSE,"Fuels","Products (All)","Fuels",TRUE,1.021440536,1.04203691,1.066177113,1.2196,1,0,0,0,TRUE,0,0,1,3,"No history [0-3]",0
"166755",2013-09-30,"Fuels","DLA","Defense","9135","LIQUID PROPELLANT FUELS AND OXIDIZERS, CHEMICAL BASE",0,0,1,0,2,"Not PBL","Not PBL",16656469.1349,"Other DoD","DLA","DLA",FALSE,"Fuels","Products (All)","Fuels",TRUE,1,1.020164046,1.043797535,1.194,0.9847,0.0166564691349,0.0169152728088758,7.22158294438483,TRUE,5.51547184735325e-06,9.68935494819438e-06,1,3,"No history [0-3]",7.94623302612658e-06
"166869",2013-09-30,"Fuels","Navy","Defense","9140","FUEL OILS",0,0,1,0,2,"Not PBL","Not PBL",17825715.8447,"Navy","Navy","Navy",FALSE,"Fuels","Products (All)","Fuels",TRUE,1,1.020164046,1.043797535,1.194,0.9847,0.0178257158447,0.0181026869551132,7.25104697926223,TRUE,5.90264557896964e-06,1.03695258956806e-05,1,3,"No history [0-3]",8.50404073110021e-06
"167042",2013-09-30,"Fuels","Other DoD","Defense","9130","LIQUID PROPELLANTS -PETROLEUM BASE",0,0,1,0,2,"Not PBL","Not PBL",7395.76,"Other DoD","Other DoD","Additional
DoD
Components",FALSE,"Fuels","Products (All)","Fuels",TRUE,1,1.020164046,1.043797535,1.194,0.9847,7.39576e-06,7.51067330151315e-06,3.86898280941428,TRUE,2.44896476794787e-09,4.30224095943059e-09,1,3,"No history [0-3]",3.52826471741058e-09
"167075",2014-09-30,"Fuels","Air Force","Defense","9110","FUELS, SOLID",0,0,1,0,2,"Not PBL","Not PBL",4244495,"Air Force","Air Force","Air Force",FALSE,"Fuels","Products (All)","Fuels",TRUE,1.021440536,1.04203691,1.066177113,1.2196,1,0.00415540097578426,0.004244495,6.62782602632088,TRUE,1.38397961080756e-06,2.43131867251094e-06,1,3,"No history [0-3]",1.99392269514752e-06
"167446",2014-09-30,"Fuels","DLA","Defense","9140","FUEL OILS",0,0,1,0,2,"Not PBL","Not PBL",1300100234.3786,"Other DoD","DLA","DLA",FALSE,"Fuels","Products (All)","Fuels",TRUE,1.021440536,1.04203691,1.066177113,1.2196,1,1.27281049513645,1.3001002343786,9.1139768365833,TRUE,0.00042391667710437,0.000744719448598842,1,3,"No history [0-3]",0.000610743884324071
"167447",2014-09-30,"Fuels","DLA","Defense","9150","OIL & GREASE-CUT,LUBR & HYDRAULIC",0,0,1,0,2,"Not PBL","Not PBL",7336344.6773,"Other DoD","DLA","DLA",FALSE,"Fuels","Products (All)","Fuels",TRUE,1.021440536,1.04203691,1.066177113,1.2196,1,0.00718235121745746,0.0073363446773,6.86547972723298,TRUE,2.39212237291828e-06,4.20238256892651e-06,1,3,"No history [0-3]",3.44637092315886e-06
"167448",2014-09-30,"Fuels","DLA","Defense","9160","MISCELLANEOUS WAXES, OILS, AND FATS",0,0,1,0,2,"Not PBL","Not PBL",19950,"Other DoD","DLA","DLA",FALSE,"Fuels","Products (All)","Fuels",TRUE,1.021440536,1.04203691,1.066177113,1.2196,1,1.95312397509942e-05,1.995e-05,4.29994290002277,TRUE,6.50498898823319e-09,1.14276981164057e-08,1,3,"No history [0-3]",9.3718470084646e-09
"183567",2014-09-30,"Fuels","Army","Defense","9130","LIQUID PROPELLANTS -PETROLEUM BASE",0,0,0,1,2,"Not PBL","Not PBL",47820.6797,"Army","Army","Army",FALSE,"Fuels","Products (All)","Fuels",TRUE,1.021440536,1.04203691,1.066177113,1.2196,1,4.68169002644712e-05,4.78206797e-05,4.67961574467523,TRUE,8.01145009153476e-08,2.73924958061618e-08,1,3,"No history [0-3]",2.24645661147463e-08
"183814",2013-09-30,"Fuels","Army","Defense","9140","FUEL OILS",0,0,0,1,2,"Not PBL","Not PBL",98534,"Army","Army","Army",FALSE,"Fuels","Products (All)","Fuels",TRUE,1,1.020164046,1.043797535,1.194,0.9847,9.8534e-05,0.000100064994414543,4.99358611338616,TRUE,1.67639965322745e-07,5.73189247212637e-08,1,3,"No history [0-3]",4.70072089501733e-08
"184350",2014-09-30,"Fuels","DLA","Defense","9130","LIQUID PROPELLANTS -PETROLEUM BASE",0,0,0,1,2,"Not PBL","Not PBL",359915,"Other DoD","DLA","DLA",FALSE,"Fuels","Products (All)","Fuels",TRUE,1.021440536,1.04203691,1.066177113,1.2196,1,0.000352360208269628,0.000359915,5.55619994690709,TRUE,6.02969484704905e-07,2.06165411908077e-07,1,3,"No history [0-3]",1.69076106067746e-07
"184459",2014-09-30,"Fuels","Navy","Defense","9140","FUEL OILS",0,0,0,1,2,"Not PBL","Not PBL",185760,"Navy","Navy","Navy",FALSE,"Fuels","Products (All)","Fuels",TRUE,1.021440536,1.04203691,1.066177113,1.2196,1,0.000181860806824295,0.00018576,5.2689522023945,TRUE,3.1120573323919e-07,1.06406476295916e-07,1,3,"No history [0-3]",8.72638747013727e-08
"184460",2014-09-30,"Fuels","Navy","Defense","9150","OIL & GREASE-CUT,LUBR & HYDRAULIC",0,0,0,1,2,"Not PBL","Not PBL",-216.31,"Navy","Navy","Navy",FALSE,"Fuels","Products (All)","Fuels",TRUE,1.021440536,1.04203691,1.066177113,1.2196,1,-2.11769547395366e-07,-2.1631e-07,NA,TRUE,-3.6238647801986e-10,-1.23906034063143e-10,1,3,"No history [0-3]",-1.01615249443658e-10
"185120",2013-09-30,"Fuels","Navy","Defense","9150","OIL & GREASE-CUT,LUBR & HYDRAULIC",0,0,0,1,2,"Not PBL","Not PBL",-12206.5303,"Navy","Navy","Navy",FALSE,"Fuels","Products (All)","Fuels",TRUE,1,1.020164046,1.043797535,1.194,0.9847,-1.22065303e-05,-1.23961920381842e-05,NA,TRUE,-2.07674743357931e-08,-7.10074889249929e-09,1,3,"No history [0-3]",-5.82331906112328e-09
"185460",2014-09-30,"Fuels","Air Force","Defense","9130","LIQUID PROPELLANTS -PETROLEUM BASE",0,0,0,1,2,"Not PBL","Not PBL",776.34,"Air Force","Air Force","Air Force",FALSE,"Fuels","Products (All)","Fuels",TRUE,1.021440536,1.04203691,1.066177113,1.2196,1,7.60044244024402e-07,7.7634e-07,2.89005196324926,TRUE,1.30061078242309e-09,4.44700709558415e-10,1,3,"No history [0-3]",3.64698732157966e-10
"185618",2013-09-30,"Fuels","Air Force","Defense","9130","LIQUID PROPELLANTS -PETROLEUM BASE",0,0,0,1,2,"Not PBL","Not PBL",4140.48,"Air Force","Air Force","Air Force",FALSE,"Fuels","Products (All)","Fuels",TRUE,1,1.020164046,1.043797535,1.194,0.9847,4.14048e-06,4.20481364882705e-06,3.61705069118552,TRUE,7.04436969593765e-09,2.40858852203197e-09,1,3,"No history [0-3]",1.97528171508326e-09
"185669",2014-09-30,"Fuels","Navy","Defense","9130","LIQUID PROPELLANTS -PETROLEUM BASE",0,0,0,1,2,"Not PBL","Not PBL",11484,"Navy","Navy","Navy",FALSE,"Fuels","Products (All)","Fuels",TRUE,1.021440536,1.04203691,1.066177113,1.2196,1,1.12429452280911e-05,1.1484e-05,4.06009318382447,TRUE,1.92392691673065e-08,6.57822983302269e-09,1,3,"No history [0-3]",5.39480155615075e-09
"185900",2013-09-30,"Fuels","Army","Defense","9110","FUELS, SOLID",0,0,0,1,2,"Not PBL","Not PBL",-144352.7188,"Army","Army","Army",FALSE,"Fuels","Products (All)","Fuels",TRUE,1,1.020164046,1.043797535,1.194,0.9847,-0.0001443527188,-0.000146595631969128,NA,TRUE,-2.45593244706152e-07,-8.39724625226516e-08,1,3,"No history [0-3]",-6.88657561365337e-08
"186193",2013-09-30,"Fuels","DLA","Defense","9130","LIQUID PROPELLANTS -PETROLEUM BASE",0,0,0,1,2,"Not PBL","Not PBL",275005540.3313,"Other DoD","DLA","DLA",FALSE,"Fuels","Products (All)","Fuels",TRUE,1,1.020164046,1.043797535,1.194,0.9847,0.2750055403313,0.279278501402762,8.43934144332508,TRUE,0.000467878288151318,0.000159975458868819,1,3,"No history [0-3]",0.000131195758791978
"186237",2013-09-30,"Fuels","Navy","Defense","9130","LIQUID PROPELLANTS -PETROLEUM BASE",0,0,0,1,2,"Not PBL","Not PBL",10440,"Navy","Navy","Navy",FALSE,"Fuels","Products (All)","Fuels",TRUE,1,1.020164046,1.043797535,1.194,0.9847,1.044e-05,1.06022138722454e-05,4.01870049866624,TRUE,1.77620033487878e-08,6.07312779436533e-09,1,3,"No history [0-3]",4.9805677374288e-09
"186566",2013-09-30,"Fuels","DLA","Defense","9140","FUEL OILS",0,0,0,1,2,"Not PBL","Not PBL",1405489.6567,"Other DoD","DLA","DLA",FALSE,"Fuels","Products (All)","Fuels",TRUE,1,1.020164046,1.043797535,1.194,0.9847,0.0014054896567,0.00142732777160556,6.14782765388893,TRUE,2.39121762346667e-06,8.17597538199018e-07,1,3,"No history [0-3]",6.70511153204013e-07
"186577",2014-09-30,"Fuels","Army","Defense","9140","FUEL OILS",0,0,0,1,2,"Not PBL","Not PBL",0,"Army","Army","Army",FALSE,"Fuels","Products (All)","Fuels",TRUE,1.021440536,1.04203691,1.066177113,1.2196,1,0,0,0,TRUE,0,0,1,3,"No history [0-3]",0
"186599",2013-09-30,"Fuels","Army","Defense","9130","LIQUID PROPELLANTS -PETROLEUM BASE",0,0,0,1,2,"Not PBL","Not PBL",69925.4609,"Army","Army","Army",FALSE,"Fuels","Products (All)","Fuels",TRUE,1,1.020164046,1.043797535,1.194,0.9847,6.99254609e-05,7.10119436376561e-05,4.84463533762014,TRUE,1.18967075734802e-07,4.06768448396165e-08,1,3,"No history [0-3]",3.33590512053045e-08
"186860",2013-09-30,"Fuels","Navy","Defense","9140","FUEL OILS",0,0,0,1,2,"Not PBL","Not PBL",278640,"Navy","Navy","Navy",FALSE,"Fuels","Products (All)","Fuels",TRUE,1,1.020164046,1.043797535,1.194,0.9847,0.00027864,0.00028296943231441,5.44504346145018,TRUE,4.74061744550407e-07,1.62089686649612e-07,1,3,"No history [0-3]",1.32929635474824e-07
"193916",2013-09-30,"Fuels","Navy","Defense","9140","FUEL OILS",0,0,1,2,0,"Not PBL","Not PBL",35000,"Navy","Navy","Navy",FALSE,"Fuels","Products (All)","Fuels",TRUE,1,1.020164046,1.043797535,1.194,0.9847,3.5e-05,3.55438204529298e-05,4.54406804435028,TRUE,3.36742178887065e-08,2.93401241261397e-08,2,2,"No history [0-3]",1.66973056331425e-08
"232930",2014-09-30,"Fuels","Army","Defense","9130","LIQUID PROPELLANTS -PETROLEUM BASE",0,1,0,0,2,"Not PBL","Not PBL",19972.9099,"Army","Army","Army",FALSE,"Fuels","Products (All)","Fuels",TRUE,1.021440536,1.04203691,1.066177113,1.2196,1,1.95536687609977e-05,1.99729099e-05,4.30044134286013,TRUE,6.51245909586334e-09,1.13347057546506e-08,0,4,"Outer edge [4-5]",1.59034758056565e-08
"233316",2013-09-30,"Fuels","Army","Defense","9140","FUEL OILS",0,1,0,0,2,"Not PBL","Not PBL",229022.1503,"Army","Army","Army",FALSE,"Fuels","Products (All)","Fuels",TRUE,1,1.020164046,1.043797535,1.194,0.9847,0.0002290221503,0.000232580634000203,5.35987748796369,TRUE,7.58363139372239e-08,1.31990434234242e-07,0,4,"Outer edge [4-5]",1.85192868951282e-07
"234197",2013-09-30,"Fuels","Air Force","Defense","9140","FUEL OILS",0,1,0,0,2,"Not PBL","Not PBL",5607.6499,"Air Force","Air Force","Air Force",FALSE,"Fuels","Products (All)","Fuels",TRUE,1,1.020164046,1.043797535,1.194,0.9847,5.6076499e-06,5.69478003452828e-06,3.74878089168393,TRUE,1.85686623634169e-09,3.23181030465857e-09,0,4,"Outer edge [4-5]",4.53448180315759e-09
"234199",2013-09-30,"Fuels","DLA","Defense","9160","MISCELLANEOUS WAXES, OILS, AND FATS",0,1,0,0,2,"Not PBL","Not PBL",0,"Other DoD","DLA","DLA",FALSE,"Fuels","Products (All)","Fuels",TRUE,1,1.020164046,1.043797535,1.194,0.9847,0,0,0,TRUE,0,0,0,4,"Outer edge [4-5]",0
"234339",2014-09-30,"Fuels","Navy","Defense","9140","FUEL OILS",0,1,0,0,2,"Not PBL","Not PBL",26571.02,"Navy","Navy","Navy",FALSE,"Fuels","Products (All)","Fuels",TRUE,1.021440536,1.04203691,1.066177113,1.2196,1,2.60132813056873e-05,2.657102e-05,4.42440822629093,TRUE,8.66386929855258e-09,1.50791594619338e-08,0,4,"Outer edge [4-5]",2.11572362673911e-08
"234340",2014-09-30,"Fuels","Navy","Defense","9150","OIL & GREASE-CUT,LUBR & HYDRAULIC",0,1,0,0,2,"Not PBL","Not PBL",15257.5996,"Navy","Navy","Navy",FALSE,"Fuels","Products (All)","Fuels",TRUE,1.021440536,1.04203691,1.066177113,1.2196,1,1.49373351284347e-05,1.52575996e-05,4.18348621366643,TRUE,4.97496327743715e-09,8.6587484174389e-09,0,4,"Outer edge [4-5]",1.21488990490561e-08
"235357",2013-09-30,"Fuels","Navy","Defense","9150","OIL & GREASE-CUT,LUBR & HYDRAULIC",0,1,0,0,2,"Not PBL","Not PBL",1140.7,"Navy","Navy","Navy",FALSE,"Fuels","Products (All)","Fuels",TRUE,1,1.020164046,1.043797535,1.194,0.9847,1.1407e-06,1.15842388544734e-06,3.05717144154727,TRUE,3.77721033510841e-10,6.57410159383172e-10,0,4,"Outer edge [4-5]",9.2239770404744e-10
"236180",2013-09-30,"Fuels","Air Force","Defense","9130","LIQUID PROPELLANTS -PETROLEUM BASE",0,1,0,0,2,"Not PBL","Not PBL",-7453.5896,"Air Force","Air Force","Air Force",FALSE,"Fuels","Products (All)","Fuels",TRUE,1,1.020164046,1.043797535,1.194,0.9847,-7.4535896e-06,-7.56940144206357e-06,NA,TRUE,-2.46811393624762e-09,-4.29566540449965e-09,0,4,"Outer edge [4-5]",-6.02715344433408e-09
"236253",2014-09-30,"Fuels","Navy","Defense","9130","LIQUID PROPELLANTS -PETROLEUM BASE",0,1,0,0,2,"Not PBL","Not PBL",-3793.55,"Navy","Navy","Navy",FALSE,"Fuels","Products (All)","Fuels",TRUE,1.021440536,1.04203691,1.066177113,1.2196,1,-3.71392153169844e-06,-3.79355e-06,NA,TRUE,-1.23694240482767e-09,-2.15285470323755e-09,0,4,"Outer edge [4-5]",-3.02062298105836e-09
"236568",2013-09-30,"Fuels","Army","Defense","9150","OIL & GREASE-CUT,LUBR & HYDRAULIC",0,1,0,0,2,"Not PBL","Not PBL",63687.2202,"Army","Army","Army",FALSE,"Fuels","Products (All)","Fuels",TRUE,1,1.020164046,1.043797535,1.194,0.9847,6.36872202e-05,6.46767748552859e-05,4.80405229334873,TRUE,2.10888074299786e-08,3.67043268013966e-08,0,4,"Outer edge [4-5]",5.14990319011517e-08
"237013",2013-09-30,"Fuels","Navy","Defense","9130","LIQUID PROPELLANTS -PETROLEUM BASE",0,1,0,0,2,"Not PBL","Not PBL",77716.5816,"Navy","Navy","Navy",FALSE,"Fuels","Products (All)","Fuels",TRUE,1,1.020164046,1.043797535,1.194,0.9847,7.77165816e-05,7.8924120645882e-05,4.89051368970301,TRUE,2.57343626921028e-08,4.47897521665392e-08,0,4,"Outer edge [4-5]",6.28435140126725e-08
"237560",2014-09-30,"Fuels","Army","Defense","9140","FUEL OILS",0,1,0,0,2,"Not PBL","Not PBL",-3059.7912,"Army","Army","Army",FALSE,"Fuels","Products (All)","Fuels",TRUE,1.021440536,1.04203691,1.066177113,1.2196,1,-2.9955646874778e-06,-3.0597912e-06,NA,TRUE,-9.97689627182598e-10,-1.73644366776367e-09,0,4,"Outer edge [4-5]",-2.43636583568429e-09
"237561",2014-09-30,"Fuels","Army","Defense","9150","OIL & GREASE-CUT,LUBR & HYDRAULIC",0,1,0,0,2,"Not PBL","Not PBL",-16.1,"Army","Army","Army",FALSE,"Fuels","Products (All)","Fuels",TRUE,1.021440536,1.04203691,1.066177113,1.2196,1,-1.57620531323813e-08,-1.61e-08,NA,TRUE,-5.24964023611802e-12,-9.13681399273096e-12,0,4,"Outer edge [4-5]",-1.28196623202646e-11
"237562",2014-09-30,"Fuels","Army","Defense","9160","MISCELLANEOUS WAXES, OILS, AND FATS",0,1,0,0,2,"Not PBL","Not PBL",80495,"Army","Army","Army",FALSE,"Fuels","Products (All)","Fuels",TRUE,1.021440536,1.04203691,1.066177113,1.2196,1,7.88053706143497e-05,8.0495e-05,4.90576890471757,TRUE,2.62465708575354e-08,4.56812324437813e-08,0,4,"Outer edge [4-5]",6.40943303397327e-08
"237609",2013-09-30,"Fuels","Army","Defense","9130","LIQUID PROPELLANTS -PETROLEUM BASE",0,1,0,0,2,"Not PBL","Not PBL",6600,"Army","Army","Army",FALSE,"Fuels","Products (All)","Fuels",TRUE,1,1.020164046,1.043797535,1.194,0.9847,6.6e-06,6.70254899969534e-06,3.81954393554187,TRUE,2.18546403188529e-09,3.80372319797399e-09,0,4,"Outer edge [4-5]",5.33692017770939e-09
"237973",2013-09-30,"Fuels","Navy","Defense","9140","FUEL OILS",0,1,0,0,2,"Not PBL","Not PBL",48510,"Navy","Navy","Navy",FALSE,"Fuels","Products (All)","Fuels",TRUE,1,1.020164046,1.043797535,1.194,0.9847,4.851e-05,4.92637351477607e-05,4.68583127462606,TRUE,1.60631606343569e-08,2.79573655051088e-08,0,4,"Outer edge [4-5]",3.92263633061641e-08
"262098",2013-09-30,"Fuels","Air Force","Defense","9130","LIQUID PROPELLANTS -PETROLEUM BASE",0,1,1,0,2,"Not PBL","Not PBL",20439.9599,"Air Force","Air Force","Air Force",FALSE,"Fuels","Products (All)","Fuels",TRUE,1,1.020164046,1.043797535,1.194,0.9847,2.04399599e-05,2.07575504214482e-05,4.31048003944576,TRUE,6.76830260221632e-09,1.18902766843298e-08,1,5,"Outer edge [4-5]",1.65282476396789e-08
"262282",2013-09-30,"Fuels","Air Force","Defense","9140","FUEL OILS",0,1,1,0,2,"Not PBL","Not PBL",6213.25,"Air Force","Air Force","Air Force",FALSE,"Fuels","Products (All)","Fuels",TRUE,1,1.020164046,1.043797535,1.194,0.9847,6.21325e-06,6.30978978369046e-06,3.79331882849419,TRUE,2.05739915092595e-09,3.61435452761881e-09,1,5,"Outer edge [4-5]",5.02418474153832e-09
"262566",2013-09-30,"Fuels","DLA","Defense","9130","LIQUID PROPELLANTS -PETROLEUM BASE",0,1,1,0,2,"Not PBL","Not PBL",775117392,"Other DoD","DLA","DLA",FALSE,"Fuels","Products (All)","Fuels",TRUE,1,1.020164046,1.043797535,1.194,0.9847,0.775117392,0.787160954605464,8.88936748165075,TRUE,0.000256665330409808,0.000450899135752027,1,5,"Outer edge [4-5]",0.000626778734766406
"262567",2013-09-30,"Fuels","DLA","Defense","9135","LIQUID PROPELLANT FUELS AND OXIDIZERS, CHEMICAL BASE",0,1,1,0,2,"Not PBL","Not PBL",1866570.9096,"Other DoD","DLA","DLA",FALSE,"Fuels","Products (All)","Fuels",TRUE,1,1.020164046,1.043797535,1.194,0.9847,0.0018665709096,0.00189557317924241,6.27104449309063,TRUE,6.18079331196093e-07,1.08581644360589e-06,1,5,"Outer edge [4-5]",1.50935453796509e-06
"262781",2013-09-30,"Fuels","DLA","Defense","9140","FUEL OILS",0,1,1,0,2,"Not PBL","Not PBL",0,"Other DoD","DLA","DLA",FALSE,"Fuels","Products (All)","Fuels",TRUE,1,1.020164046,1.043797535,1.194,0.9847,0,0,0,TRUE,0,0,1,5,"Outer edge [4-5]",0
"262820",2014-09-30,"Fuels","DLA","Defense","9130","LIQUID PROPELLANTS -PETROLEUM BASE",0,1,1,0,2,"Not PBL","Not PBL",420665745.0302,"Other DoD","DLA","DLA",FALSE,"Fuels","Products (All)","Fuels",TRUE,1.021440536,1.04203691,1.066177113,1.2196,1,0.411835765474457,0.4206657450302,8.62393714869383,TRUE,0.00013716421248864,0.000240964468276592,1,5,"Outer edge [4-5]",0.000334956074595632
"262821",2014-09-30,"Fuels","DLA","Defense","9135","LIQUID PROPELLANT FUELS AND OXIDIZERS, CHEMICAL BASE",0,1,1,0,2,"Not PBL","Not PBL",2312836.989,"Other DoD","DLA","DLA",FALSE,"Fuels","Products (All)","Fuels",TRUE,1.021440536,1.04203691,1.066177113,1.2196,1,0.00226428941038228,0.002312836989,6.36414502435187,TRUE,7.5413429298363e-07,1.32483222570169e-06,1,5,"Outer edge [4-5]",1.84160181371413e-06
"264107",2014-09-30,"Fuels","Air Force","Defense","9130","LIQUID PROPELLANTS -PETROLEUM BASE",0,1,1,0,2,"Not PBL","Not PBL",0,"Air Force","Air Force","Air Force",FALSE,"Fuels","Products (All)","Fuels",TRUE,1.021440536,1.04203691,1.066177113,1.2196,1,0,0,0,TRUE,0,0,1,5,"Outer edge [4-5]",0
"264413",2014-09-30,"Fuels","DLA","Defense","9140","FUEL OILS",0,1,1,0,2,"Not PBL","Not PBL",53227264.9512,"Other DoD","DLA","DLA",FALSE,"Fuels","Products (All)","Fuels",TRUE,1.021440536,1.04203691,1.066177113,1.2196,1,0.0521099986492018,0.0532272649512,7.72613415080325,TRUE,1.73555274376605e-05,3.04894794698874e-05,1,5,"Outer edge [4-5]",4.2382333099729e-05
"271808",2014-09-30,"Fuels","Army","Defense","9130","LIQUID PROPELLANTS -PETROLEUM BASE",0,1,0,1,2,"Not PBL","Not PBL",1976.9799,"Army","Army","Army",FALSE,"Fuels","Products (All)","Fuels",TRUE,1.021440536,1.04203691,1.066177113,1.2196,1,1.93548212580434e-06,1.9769799e-06,3.29600225385416,TRUE,3.31205576754221e-09,1.13244759295247e-09,1,5,"Outer edge [4-5]",1.57417482807145e-09
"271884",2013-09-30,"Fuels","Army","Defense","9130","LIQUID PROPELLANTS -PETROLEUM BASE",0,1,0,1,2,"Not PBL","Not PBL",5484.6802,"Army","Army","Army",FALSE,"Fuels","Products (All)","Fuels",TRUE,1,1.020164046,1.043797535,1.194,0.9847,5.4846802e-06,5.56989966487255e-06,3.73915130986436,TRUE,9.3313130344282e-09,3.19053292776103e-09,1,5,"Outer edge [4-5]",4.43504551934291e-09
"276877",2013-09-30,"Fuels","Navy","Defense","9140","FUEL OILS",0,0,1,1,2,"Not PBL","Not PBL",-424945.6563,"Navy","Navy","Navy",FALSE,"Fuels","Products (All)","Fuels",TRUE,1,1.020164046,1.043797535,1.194,0.9847,-0.0004249456563,-0.000431548345993704,NA,TRUE,-7.22977602514698e-07,-3.56227380077311e-07,2,4,"Outer edge [4-5]",-3.43621370839005e-07
"277236",2013-09-30,"Fuels","Army","Defense","9140","FUEL OILS",0,0,1,1,2,"Not PBL","Not PBL",67227.6563,"Army","Army","Army",FALSE,"Fuels","Products (All)","Fuels",TRUE,1,1.020164046,1.043797535,1.194,0.9847,6.72276563e-05,6.82722212856708e-05,4.82754797108338,TRUE,1.14377189303808e-07,5.63562223014702e-08,2,4,"Outer edge [4-5]",5.43619144556943e-08
"277306",2013-09-30,"Fuels","DLA","Defense","9130","LIQUID PROPELLANTS -PETROLEUM BASE",0,0,1,1,2,"Not PBL","Not PBL",5415747094.0415,"Other DoD","DLA","DLA",FALSE,"Fuels","Products (All)","Fuels",TRUE,1,1.020164046,1.043797535,1.194,0.9847,5.4157470940415,5.49989549511679,9.73365837535457,TRUE,0.00921403429315643,0.00453996262785594,2,4,"Outer edge [4-5]",0.0043793045369032
"277307",2013-09-30,"Fuels","DLA","Defense","9135","LIQUID PROPELLANT FUELS AND OXIDIZERS, CHEMICAL BASE",0,0,1,1,2,"Not PBL","Not PBL",-5109769.6686,"Other DoD","DLA","DLA",FALSE,"Fuels","Products (All)","Fuels",TRUE,1,1.020164046,1.043797535,1.194,0.9847,-0.0051097696686,-0.00518916387590129,NA,TRUE,-8.69346225720381e-06,-4.28346503807736e-06,2,4,"Outer edge [4-5]",-4.131883764818e-06
"277378",2013-09-30,"Fuels","DLA","Defense","9140","FUEL OILS",0,0,1,1,2,"Not PBL","Not PBL",577296001.1804,"Other DoD","DLA","DLA",FALSE,"Fuels","Products (All)","Fuels",TRUE,1,1.020164046,1.043797535,1.194,0.9847,0.5772960011804,0.586265868975729,8.76139854923377,TRUE,0.000982177538908822,0.000483941038061629,2,4,"Outer edge [4-5]",0.000466815557153125
"277386",2014-09-30,"Fuels","DLA","Defense","9130","LIQUID PROPELLANTS -PETROLEUM BASE",0,0,1,1,2,"Not PBL","Not PBL",819599744.0845,"Other DoD","DLA","DLA",FALSE,"Fuels","Products (All)","Fuels",TRUE,1.021440536,1.04203691,1.066177113,1.2196,1,0.802395944940744,0.8195997440845,8.91360181412312,TRUE,0.00137308429866747,0.000676549620124175,2,4,"Outer edge [4-5]",0.000652608196083139
"277387",2014-09-30,"Fuels","DLA","Defense","9135","LIQUID PROPELLANT FUELS AND OXIDIZERS, CHEMICAL BASE",0,0,1,1,2,"Not PBL","Not PBL",-193913.2813,"Other DoD","DLA","DLA",FALSE,"Fuels","Products (All)","Fuels",TRUE,1.021440536,1.04203691,1.066177113,1.2196,1,-0.000189842946765528,-0.0001939132813,NA,TRUE,-3.24865013413996e-07,-1.60068323285154e-07,2,4,"Outer edge [4-5]",-1.54403899731706e-07
"277578",2014-09-30,"Fuels","Navy","Defense","9140","FUEL OILS",0,0,1,1,2,"Not PBL","Not PBL",7922866.8458,"Navy","Navy","Navy",FALSE,"Fuels","Products (All)","Fuels",TRUE,1.021440536,1.04203691,1.066177113,1.2196,1,0.0077565619990237,0.0079228668458,6.89888235709783,TRUE,1.32732643524099e-05,6.54003688203663e-06,2,4,"Outer edge [4-5]",6.30860109140221e-06
"277883",2014-09-30,"Fuels","Army","Defense","9140","FUEL OILS",0,0,1,1,2,"Not PBL","Not PBL",67227.6763,"Army","Army","Army",FALSE,"Fuels","Products (All)","Fuels",TRUE,1.021440536,1.04203691,1.066177113,1.2196,1,6.58165345221819e-05,6.72276763e-05,4.8275481002845,TRUE,1.12627251813676e-07,5.54939886095264e-08,2,4,"Outer edge [4-5]",5.35301930895685e-08
"277923",2014-09-30,"Fuels","DLA","Defense","9140","FUEL OILS",0,0,1,1,2,"Not PBL","Not PBL",69400965.9859,"Other DoD","DLA","DLA",FALSE,"Fuels","Products (All)","Fuels",TRUE,1.021440536,1.04203691,1.066177113,1.2196,1,0.0679442057955491,0.0694009659859,7.84136551540336,TRUE,0.000116268187484658,5.72879597790243e-05,2,4,"Outer edge [4-5]",5.52606800397146e-05
"280928",2014-09-30,"Fuels","Army","Defense","9130","LIQUID PROPELLANTS -PETROLEUM BASE",0,1,0,2,0,"Not PBL","Not PBL",-1544.4301,"Army","Army","Army",FALSE,"Fuels","Products (All)","Fuels",TRUE,1.021440536,1.04203691,1.066177113,1.2196,1,-1.5120117574813e-06,-1.5444301e-06,NA,TRUE,-1.46319318065849e-09,-1.27487057555208e-09,2,4,"Outer edge [4-5]",-1.22975604715854e-09
"281155",2013-09-30,"Fuels","Army","Defense","9130","LIQUID PROPELLANTS -PETROLEUM BASE",0,1,0,2,0,"Not PBL","Not PBL",40550,"Army","Army","Army",FALSE,"Fuels","Products (All)","Fuels",TRUE,1,1.020164046,1.043797535,1.194,0.9847,4.055e-05,4.11800548390373e-05,4.60799085854717,TRUE,3.90139867253442e-08,3.39926295232847e-08,2,4,"Outer edge [4-5]",3.27897141221388e-08
"290641",2013-09-30,"Fuels","Air Force","Defense","9110","FUELS, SOLID",0,0,0,2,2,"Not PBL","Not PBL",8537.3398,"Air Force","Air Force","Air Force",FALSE,"Fuels","Products (All)","Fuels",TRUE,1,1.020164046,1.043797535,1.194,0.9847,8.5373398e-06,8.66999065705291e-06,3.93132256739193,TRUE,8.21394973186074e-09,7.15676026968665e-09,2,4,"Outer edge [4-5]",6.90350015796689e-09
"290999",2013-09-30,"Fuels","Navy","Defense","9150","OIL & GREASE-CUT,LUBR & HYDRAULIC",0,0,0,2,2,"Not PBL","Not PBL",87611.2969,"Navy","Navy","Navy",FALSE,"Fuels","Products (All)","Fuels",TRUE,1,1.020164046,1.043797535,1.194,0.9847,8.76112969e-05,8.89725773331979e-05,4.9425601091933,TRUE,8.42926257520787e-08,7.34436093113737e-08,2,4,"Outer edge [4-5]",7.08446209425604e-08
"291357",2013-09-30,"Fuels","Navy","Defense","9130","LIQUID PROPELLANTS -PETROLEUM BASE",0,0,0,2,2,"Not PBL","Not PBL",-73610.15,"Navy","Navy","Navy",FALSE,"Fuels","Products (All)","Fuels",TRUE,1,1.020164046,1.043797535,1.194,0.9847,-7.361015e-05,-7.47538844318066e-05,NA,TRUE,-7.08218351405819e-08,-6.17065982269646e-08,2,4,"Outer edge [4-5]",-5.95229537604871e-08
"291991",2014-09-30,"Fuels","Army","Defense","9130","LIQUID PROPELLANTS -PETROLEUM BASE",0,0,0,2,2,"Not PBL","Not PBL",675984.6777,"Army","Army","Army",FALSE,"Fuels","Products (All)","Fuels",TRUE,1.021440536,1.04203691,1.066177113,1.2196,1,0.000661795428980312,0.0006759846777,5.82993685205738,TRUE,6.40427929137271e-07,5.58000634100426e-07,2,4,"Outer edge [4-5]",5.38254366570613e-07
"292139",2013-09-30,"Fuels","Air Force","Defense","9130","LIQUID PROPELLANTS -PETROLEUM BASE",0,0,0,2,2,"Not PBL","Not PBL",20000.01,"Air Force","Air Force","Air Force",FALSE,"Fuels","Products (All)","Fuels",TRUE,1,1.020164046,1.043797535,1.194,0.9847,2.000001e-05,2.03107646999086e-05,4.30103021281117,TRUE,1.92424198433231e-08,1.67657935978296e-08,2,4,"Outer edge [4-5]",1.61724934732409e-08
"292259",2013-09-30,"Fuels","Army","Defense","9130","LIQUID PROPELLANTS -PETROLEUM BASE",0,0,0,2,2,"Not PBL","Not PBL",566545.1152,"Army","Army","Army",FALSE,"Fuels","Products (All)","Fuels",TRUE,1,1.020164046,1.043797535,1.194,0.9847,0.0005665451152,0.000575347938661521,5.75323449937552,TRUE,5.45084675800775e-07,4.74928685800746e-07,2,4,"Outer edge [4-5]",4.5812212983236e-07
"292606",2013-09-30,"Fuels","Army","Defense","9140","FUEL OILS",0,0,0,2,2,"Not PBL","Not PBL",83404.6406,"Army","Army","Army",FALSE,"Fuels","Products (All)","Fuels",TRUE,1,1.020164046,1.043797535,1.194,0.9847,8.34046406e-05,8.47005591550726e-05,4.92119021527688,TRUE,8.02453154426759e-08,6.99172145114306e-08,2,4,"Outer edge [4-5]",6.74430165655667e-08
"292607",2013-09-30,"Fuels","Army","Defense","9150","OIL & GREASE-CUT,LUBR & HYDRAULIC",0,0,0,2,2,"Not PBL","Not PBL",10540.7998,"Army","Army","Army",FALSE,"Fuels","Products (All)","Fuels",TRUE,1,1.020164046,1.043797535,1.194,0.9847,1.05407998e-05,1.07045798720422e-05,4.02287356491339,TRUE,1.0141519691041e-08,8.83623927202253e-09,2,4,"Outer edge [4-5]",8.52354653663866e-09
"292884",2013-09-30,"Fuels","DLA","Defense","9130","LIQUID PROPELLANTS -PETROLEUM BASE",0,0,0,2,2,"Not PBL","Not PBL",109906.0703,"Other DoD","DLA","DLA",FALSE,"Fuels","Products (All)","Fuels",TRUE,1,1.020164046,1.043797535,1.194,0.9847,0.0001099060703,0.000111613760840865,5.04102167991201,TRUE,1.05742884530677e-07,9.21330784233782e-08,2,4,"Outer edge [4-5]",8.88727157934572e-08
"293157",2014-09-30,"Fuels","Other DoD","Defense","9150","OIL & GREASE-CUT,LUBR & HYDRAULIC",0,0,0,2,2,"Not PBL","Not PBL",16436.6797,"Other DoD","Other DoD","Additional
DoD
Components",FALSE,"Fuels","Products (All)","Fuels",TRUE,1.021440536,1.04203691,1.066177113,1.2196,1,1.60916657609523e-05,1.64366797e-05,4.21581409218194,TRUE,1.55721114537381e-08,1.35678780861006e-08,2,4,"Outer edge [4-5]",1.30877443118228e-08
"293212",2013-09-30,"Fuels","DLA","Defense","9140","FUEL OILS",0,0,0,2,2,"Not PBL","Not PBL",365890360.3204,"Other DoD","DLA","DLA",FALSE,"Fuels","Products (All)","Fuels",TRUE,1,1.020164046,1.043797535,1.194,0.9847,0.3658903603204,0.371575464933888,8.56335096779542,TRUE,0.000352030620480185,0.000306721959667386,2,4,"Outer edge [4-5]",0.000295867825276258
"293236",2014-09-30,"Fuels","DLA","Defense","9130","LIQUID PROPELLANTS -PETROLEUM BASE",0,0,0,2,2,"Not PBL","Not PBL",2202871.5,"Other DoD","DLA","DLA",FALSE,"Fuels","Products (All)","Fuels",TRUE,1.021440536,1.04203691,1.066177113,1.2196,1,0.00215663215073344,0.0022028715,6.34298916420997,TRUE,2.08700060732237e-06,1.8183898753801e-06,2,4,"Outer edge [4-5]",1.7540415381947e-06
"293866",2013-09-30,"Fuels","Other DoD","Defense","9130","LIQUID PROPELLANTS -PETROLEUM BASE",0,0,0,2,2,"Not PBL","Not PBL",79999.75,"Other DoD","Other DoD","Additional
DoD
Components",FALSE,"Fuels","Products (All)","Fuels",TRUE,1,1.020164046,1.043797535,1.194,0.9847,7.999975e-05,8.12427642936935e-05,4.90308862981957,TRUE,7.69694003583442e-08,6.70629312874327e-08,2,4,"Outer edge [4-5]",6.46897393919253e-08
"294191",2014-09-30,"Fuels","Navy","Defense","9150","OIL & GREASE-CUT,LUBR & HYDRAULIC",0,0,0,2,2,"Not PBL","Not PBL",157425.1563,"Navy","Navy","Navy",FALSE,"Fuels","Products (All)","Fuels",TRUE,1.021440536,1.04203691,1.066177113,1.2196,1,0.000154120725340002,0.0001574251563,5.19707413316479,TRUE,1.49144603671126e-07,1.2994871028385e-07,2,4,"Outer edge [4-5]",1.2535014561993e-07
"294943",2014-09-30,"Fuels","Air Force","Defense","9110","FUELS, SOLID",0,0,0,2,2,"Not PBL","Not PBL",25000,"Air Force","Air Force","Air Force",FALSE,"Fuels","Products (All)","Fuels",TRUE,1.021440536,1.04203691,1.066177113,1.2196,1,2.44752377832007e-05,2.5e-05,4.39794000867204,TRUE,2.36850016821495e-08,2.06365858764356e-08,2,4,"Outer edge [4-5]",1.99063079507214e-08
"295319",2014-09-30,"Fuels","Air Force","Defense","9130","LIQUID PROPELLANTS -PETROLEUM BASE",0,0,0,2,2,"Not PBL","Not PBL",-2167.23,"Air Force","Air Force","Air Force",FALSE,"Fuels","Products (All)","Fuels",TRUE,1.021440536,1.04203691,1.066177113,1.2196,1,-2.12173878323544e-06,-2.16723e-06,NA,TRUE,-2.05323384782419e-09,-1.7889691203595e-09,2,4,"Outer edge [4-5]",-1.72566191120167e-09
"295608",2014-09-30,"Fuels","Army","Defense","9140","FUEL OILS",0,0,0,2,2,"Not PBL","Not PBL",-31716.449,"Army","Army","Army",FALSE,"Fuels","Products (All)","Fuels",TRUE,1.021440536,1.04203691,1.066177113,1.2196,1,-3.10507052365504e-05,-3.1716449e-05,NA,TRUE,-3.00481659166723e-08,-2.61807689393635e-08,2,4,"Outer edge [4-5]",-2.52542960358939e-08
"295729",2014-09-30,"Fuels","Other DoD","Defense","9130","LIQUID PROPELLANTS -PETROLEUM BASE",0,0,0,2,2,"Not PBL","Not PBL",-8047.79,"Other DoD","Other DoD","Additional
DoD
Components",FALSE,"Fuels","Products (All)","Fuels",TRUE,1.021440536,1.04203691,1.066177113,1.2196,1,-7.8788629551706e-06,-8.04779e-06,NA,TRUE,-7.62447678750343e-09,-6.64315637802077e-09,2,4,"Outer edge [4-5]",-6.40807144250944e-09
"295759",2014-09-30,"Fuels","DLA","Defense","9140","FUEL OILS",0,0,0,2,2,"Not PBL","Not PBL",5799827.5,"Other DoD","DLA","DLA",FALSE,"Fuels","Products (All)","Fuels",TRUE,1.021440536,1.04203691,1.066177113,1.2196,1,0.00567808628656186,0.0057998275,6.76341507685394,TRUE,5.49475696374707e-06,4.7875455308905e-06,2,4,"Outer edge [4-5]",4.6181260910425e-06
"298887",2013-09-30,"Fuels","DLA","Defense","9130","LIQUID PROPELLANTS -PETROLEUM BASE",0,0,1,2,2,"Not PBL","Not PBL",14938749.5703,"Other DoD","DLA","DLA",FALSE,"Fuels","Products (All)","Fuels",TRUE,1,1.020164046,1.043797535,1.194,0.9847,0.0149387495703,0.0151708637862293,7.17431424691406,TRUE,1.43728773718601e-05,1.25229933337691e-05,2,4,"Outer edge [4-5]",1.20798354562851e-05
"298888",2013-09-30,"Fuels","DLA","Defense","9135","LIQUID PROPELLANT FUELS AND OXIDIZERS, CHEMICAL BASE",0,0,1,2,2,"Not PBL","Not PBL",-337773.3239,"Other DoD","DLA","DLA",FALSE,"Fuels","Products (All)","Fuels",TRUE,1,1.020164046,1.043797535,1.194,0.9847,-0.0003377733239,-0.000343021553671169,NA,TRUE,-3.24978643028607e-07,-2.83151749992137e-07,2,4,"Outer edge [4-5]",-2.73131707244527e-07
"298916",2013-09-30,"Fuels","Navy","Defense","9140","FUEL OILS",0,0,1,2,2,"Not PBL","Not PBL",3174168,"Navy","Navy","Navy",FALSE,"Fuels","Products (All)","Fuels",TRUE,1,1.020164046,1.043797535,1.194,0.9847,0.003174168,0.0032234873565553,6.50162990904205,TRUE,3.05393213849599e-06,2.6608709462063e-06,2,4,"Outer edge [4-5]",2.56670927979386e-06
"299152",2014-09-30,"Fuels","DLA","Defense","9140","FUEL OILS",0,0,1,2,2,"Not PBL","Not PBL",868660551.4844,"Other DoD","DLA","DLA",FALSE,"Fuels","Products (All)","Fuels",TRUE,1.021440536,1.04203691,1.066177113,1.2196,1,0.850426942018679,0.8686605514844,8.93885009932851,TRUE,0.000822969064924996,0.000717047522727187,2,4,"Outer edge [4-5]",0.000691672977699677
"299388",2013-09-30,"Fuels","DLA","Defense","9140","FUEL OILS",0,0,1,2,2,"Not PBL","Not PBL",407906973.875,"Other DoD","DLA","DLA",FALSE,"Fuels","Products (All)","Fuels",TRUE,1,1.020164046,1.043797535,1.194,0.9847,0.407906973875,0.414244921168884,8.61056113039564,TRUE,0.000392455666188276,0.000341944035583158,2,4,"Outer edge [4-5]",0.000329843478712404
"299390",2014-09-30,"Fuels","DLA","Defense","9130","LIQUID PROPELLANTS -PETROLEUM BASE",0,0,1,2,2,"Not PBL","Not PBL",114216638.0625,"Other DoD","DLA","DLA",FALSE,"Fuels","Products (All)","Fuels",TRUE,1.021440536,1.04203691,1.066177113,1.2196,1,0.111819175015098,0.1142166380625,8.05772937267,TRUE,0.000108208850585591,9.42816583957816e-05,2,4,"Outer edge [4-5]",9.09452628147283e-05
"299391",2014-09-30,"Fuels","DLA","Defense","9135","LIQUID PROPELLANT FUELS AND OXIDIZERS, CHEMICAL BASE",0,0,1,2,2,"Not PBL","Not PBL",-14902.0118,"Other DoD","DLA","DLA",FALSE,"Fuels","Products (All)","Fuels",TRUE,1.021440536,1.04203691,1.066177113,1.2196,1,-1.45892112901225e-05,-1.49020118e-05,NA,TRUE,-1.41181669820165e-08,-1.23010658496942e-08,2,4,"Outer edge [4-5]",-1.18657614390433e-08
"299549",2014-09-30,"Fuels","Navy","Defense","9140","FUEL OILS",0,0,1,2,2,"Not PBL","Not PBL",9742450.6977,"Navy","Navy","Navy",FALSE,"Fuels","Products (All)","Fuels",TRUE,1.021440536,1.04203691,1.066177113,1.2196,1,0.00953795189669269,0.0097424506977,6.98866821669506,TRUE,9.22999844653132e-06,8.04203681880102e-06,2,4,"Outer edge [4-5]",7.75744895132546e-06
"327474",2013-09-30,"Fuels","DLA","Defense","9130","LIQUID PROPELLANTS -PETROLEUM BASE",0,1,1,1,2,"Not PBL","Not PBL",2496522,"Other DoD","DLA","DLA",FALSE,"Fuels","Products (All)","Fuels",TRUE,1,1.020164046,1.043797535,1.194,0.9847,0.002496522,0.00253531227785112,6.39733539752372,TRUE,4.24743602723396e-06,2.09280758181824e-06,2,6,"Uncommon [6-8]",2.53206354994967e-06
"327510",2013-09-30,"Fuels","Navy","Defense","9150","OIL & GREASE-CUT,LUBR & HYDRAULIC",0,1,1,1,2,"Not PBL","Not PBL",903314.1563,"Navy","Navy","Navy",FALSE,"Fuels","Products (All)","Fuels",TRUE,1,1.020164046,1.043797535,1.194,0.9847,0.0009033141563,0.000917349605260485,5.95583881633759,TRUE,1.5368456962843e-06,7.5723855630689e-07,2,6,"Uncommon [6-8]",9.16174121165675e-07
"327825",2013-09-30,"Fuels","DLA","Defense","9140","FUEL OILS",0,1,1,1,2,"Not PBL","Not PBL",5086721.5313,"Other DoD","DLA","DLA",FALSE,"Fuels","Products (All)","Fuels",TRUE,1,1.020164046,1.043797535,1.194,0.9847,0.0050867215313,0.00516575762293084,6.70643796316113,TRUE,8.65424950893696e-06,4.26414403209856e-06,2,6,"Uncommon [6-8]",5.15913826441302e-06
"338480",2013-09-30,"Fuels","Navy","Defense","9140","FUEL OILS",0,1,0,2,2,"Not PBL","Not PBL",22327.2,"Navy","Navy","Navy",FALSE,"Fuels","Products (All)","Fuels",TRUE,1,1.020164046,1.043797535,1.194,0.9847,2.23272e-05,2.2674113943333e-05,4.34883426266859,TRUE,2.14814570755636e-08,1.8716651982547e-08,2,6,"Uncommon [6-8]",2.2645059523784e-08
"338678",2014-09-30,"Fuels","Army","Defense","9140","FUEL OILS",0,1,0,2,2,"Not PBL","Not PBL",37985.25,"Army","Army","Army",FALSE,"Fuels","Products (All)","Fuels",TRUE,1.021440536,1.04203691,1.066177113,1.2196,1,3.7187921040173e-05,3.798525e-05,4.57961498905972,TRUE,3.59872284058747e-08,3.13554349465149e-08,2,6,"Uncommon [6-8]",3.79365760190484e-08
"339388",2013-09-30,"Fuels","Army","Defense","9140","FUEL OILS",0,1,0,2,2,"Not PBL","Not PBL",869661.1875,"Army","Army","Army",FALSE,"Fuels","Products (All)","Fuels",TRUE,1,1.020164046,1.043797535,1.194,0.9847,0.0008696611875,0.000883173745810907,5.93935008818353,TRUE,8.36718866206464e-07,7.29027633969602e-07,2,6,"Uncommon [6-8]",8.82042054375927e-07
"339907",2014-09-30,"Fuels","Navy","Defense","9140","FUEL OILS",0,1,0,2,2,"Not PBL","Not PBL",0,"Navy","Navy","Navy",FALSE,"Fuels","Products (All)","Fuels",TRUE,1.021440536,1.04203691,1.066177113,1.2196,1,0,0,0,TRUE,0,0,2,6,"Uncommon [6-8]",0
